{"type": "FeatureCollection", "features": [{"type": "Feature", "properties": {"name": "Brezovica", "osmId": 3173886, "population": 12046}, "geometry": {"type": "Polygon", "coordinates": [[[15.9296854, 45.7337035], [15.9315437, 45.7318326], [15.935142, 45.7286887], [15.9382708, 45.7262953], [15.9403954, 45.724881], [15.9430557, 45.7232982], [15.9449568, 45.7222354], [15.9456733, 45.7218721], [15.9478125, 45.7208128], [15.9496926, 45.7199579], [15.9518397, 45.719072], [15.9531642, 45.7185419], [15.9547896, 45.7179486], [15.9565642, 45.7173352], [15.9591202, 45.7165378], [15.9614576, 45.7158742], [15.9672112, 45.7145361], [15.9734358, 45.7130507], [15.9759584, 45.7124855], [15.9759726, 45.7124287], [15.9843867, 45.7104371], [15.9842426, 45.7103342], [15.983992, 45.7102423], [15.9836495, 45.7101967], [15.9832575, 45.7103181], [15.9829996, 45.7102673], [15.982784, 45.7101461], [15.9825828, 45.7098838], [15.9825871, 45.709382], [15.9822017, 45.7080738], [15.9819558, 45.7072657], [15.9820786, 45.7066866], [15.981819, 45.7060278], [15.9816858, 45.7052047], [15.9810463, 45.7042436], [15.9802524, 45.7041576], [15.9798121, 45.7040629], [15.9794576, 45.704064], [15.9791092, 45.7039344], [15.9790947, 45.7037928], [15.9791819, 45.70362], [15.9790968, 45.7035277], [15.9788568, 45.7035235], [15.9786939, 45.7033955], [15.9787112, 45.7032076], [15.9786179, 45.7030443], [15.9783754, 45.7030251], [15.9782372, 45.7031529], [15.9782192, 45.7034365], [15.9784325, 45.7036058], [15.9786249, 45.7038823], [15.9785427, 45.7042367], [15.9783638, 45.7044017], [15.9779961, 45.7044948], [15.9776501, 45.7043019], [15.9773804, 45.7038209], [15.9771137, 45.7036672], [15.9769408, 45.7034228], [15.9768611, 45.7031973], [15.9765577, 45.7030625], [15.9764114, 45.702995], [15.9764383, 45.7018791], [15.9761369, 45.7014929], [15.9760841, 45.7013625], [15.975805, 45.701267], [15.9758965, 45.7010025], [15.9758484, 45.7008451], [15.9756367, 45.7007563], [15.9753239, 45.7007179], [15.9752543, 45.7005565], [15.9751762, 45.7003548], [15.9749568, 45.7002943], [15.9746955, 45.7004355], [15.9743699, 45.7005463], [15.9742032, 45.7004102], [15.973808, 45.7001739], [15.9735716, 45.7001292], [15.973362, 45.7004144], [15.9729107, 45.7003756], [15.9726995, 45.7005124], [15.9723268, 45.700591], [15.9720986, 45.7002763], [15.9717662, 45.7000458], [15.9714267, 45.6997044], [15.9713193, 45.6992479], [15.9711469, 45.699099], [15.9707868, 45.6990715], [15.9705635, 45.698967], [15.9706106, 45.6988392], [15.9707804, 45.6987365], [15.9707762, 45.6986347], [15.9703675, 45.6986607], [15.9704132, 45.6984314], [15.9703901, 45.6982811], [15.9701642, 45.6983628], [15.9700155, 45.6985996], [15.9698369, 45.6985432], [15.9697061, 45.6984099], [15.9694797, 45.6983195], [15.969658, 45.6981253], [15.9695454, 45.6980559], [15.96935, 45.6980596], [15.969237, 45.6977869], [15.9689967, 45.6978217], [15.9686929, 45.6979852], [15.9684848, 45.6978888], [15.9684625, 45.6977906], [15.9686554, 45.6977273], [15.9687162, 45.6976564], [15.9685422, 45.6975856], [15.9683969, 45.6972028], [15.9682885, 45.6971006], [15.9680525, 45.6972443], [15.9679097, 45.6971962], [15.9676693, 45.6968789], [15.9674666, 45.6967327], [15.9670595, 45.6967551], [15.9667706, 45.6966638], [15.966936, 45.696546], [15.9669516, 45.6964093], [15.9668299, 45.6963446], [15.9664298, 45.69639], [15.9662195, 45.69632], [15.9662369, 45.6961817], [15.9663884, 45.6960162], [15.9664438, 45.6958123], [15.9663184, 45.6957068], [15.9661011, 45.6958223], [15.9658997, 45.6958404], [15.9659368, 45.6955679], [15.9657308, 45.6953888], [15.9653767, 45.6955021], [15.9652176, 45.6954622], [15.9650717, 45.6951535], [15.9652693, 45.6951132], [15.965562, 45.6950646], [15.9656556, 45.6948591], [15.965462, 45.694775], [15.9652562, 45.6946317], [15.9653194, 45.6944213], [15.9652175, 45.6942016], [15.9648971, 45.6941091], [15.9649138, 45.6938068], [15.9652551, 45.6936362], [15.9652466, 45.6935415], [15.9650663, 45.6934348], [15.9650187, 45.6933264], [15.965056, 45.6931077], [15.9652575, 45.6928388], [15.9654151, 45.6925411], [15.9655607, 45.6925067], [15.965779, 45.6927225], [15.9659027, 45.692881], [15.9661952, 45.6927992], [15.9664204, 45.6927329], [15.9663299, 45.6925224], [15.9663977, 45.692369], [15.9661403, 45.6923219], [15.9660164, 45.6922198], [15.9660435, 45.6920118], [15.9663708, 45.6918768], [15.9665939, 45.6918092], [15.966556, 45.6916187], [15.9661762, 45.6915034], [15.9660349, 45.691272], [15.9660271, 45.691066], [15.9660715, 45.6908694], [15.9657963, 45.6908516], [15.9657072, 45.6911183], [15.9654361, 45.6911687], [15.965136, 45.6913073], [15.9648722, 45.6912806], [15.9649077, 45.6911644], [15.9651616, 45.6909296], [15.9651409, 45.6906593], [15.9650717, 45.6904992], [15.9646446, 45.6905321], [15.9640234, 45.6904928], [15.9639473, 45.6904425], [15.9638769, 45.6903531], [15.9638403, 45.6902376], [15.9638632, 45.6901585], [15.9639556, 45.6900829], [15.9640895, 45.6901836], [15.9642984, 45.6901344], [15.9645194, 45.6898902], [15.9647137, 45.6897969], [15.9649209, 45.6897335], [15.9649217, 45.6895471], [15.9647844, 45.6894734], [15.9645944, 45.689409], [15.9644205, 45.6892751], [15.9646107, 45.6891072], [15.9646048, 45.6889365], [15.9647415, 45.688707], [15.9646414, 45.6885114], [15.9648362, 45.6883854], [15.9648551, 45.6882001], [15.964488, 45.6877912], [15.9645641, 45.6876608], [15.9644846, 45.6874276], [15.9646722, 45.6873135], [15.9645061, 45.6871456], [15.9645386, 45.687054], [15.9648922, 45.6870684], [15.9649483, 45.6870085], [15.9648005, 45.6868427], [15.9647844, 45.686674], [15.9646536, 45.6866477], [15.9646243, 45.6865362], [15.9648262, 45.6864553], [15.9648622, 45.6864022], [15.9647972, 45.6862395], [15.9650281, 45.6861178], [15.9649559, 45.6860012], [15.9648319, 45.685878], [15.9648448, 45.6857615], [15.9650786, 45.685673], [15.9652207, 45.6853565], [15.9654145, 45.6853192], [15.9655619, 45.6852426], [15.9655848, 45.6851207], [15.9654961, 45.6849688], [15.9658648, 45.6844142], [15.9659382, 45.684309], [15.9656788, 45.6840436], [15.9656726, 45.683964], [15.9658903, 45.6838738], [15.9659863, 45.6837717], [15.9658849, 45.6836186], [15.9661723, 45.6830571], [15.9663886, 45.682723], [15.9665062, 45.6825088], [15.9668598, 45.6824089], [15.9670419, 45.6823996], [15.9672168, 45.6824314], [15.9673447, 45.6824107], [15.9673399, 45.682264], [15.9673805, 45.6821244], [15.9676072, 45.6820207], [15.9676354, 45.6817986], [15.9677552, 45.6817019], [15.9676527, 45.6814595], [15.9678245, 45.6813405], [15.9678853, 45.6812394], [15.9676667, 45.6811082], [15.9675429, 45.6810401], [15.9676218, 45.6808824], [15.967553, 45.6807078], [15.9676088, 45.6805247], [15.9673588, 45.6804533], [15.9671485, 45.6804424], [15.9668247, 45.6805132], [15.9665828, 45.6805092], [15.9665042, 45.6803671], [15.9662958, 45.6803056], [15.9664038, 45.6802082], [15.9665705, 45.680031], [15.9667333, 45.6798415], [15.9666126, 45.6795249], [15.9668527, 45.6794705], [15.9667019, 45.6792876], [15.9668326, 45.6791046], [15.9667545, 45.6789963], [15.9668785, 45.6788981], [15.9667466, 45.6787399], [15.9668986, 45.6784915], [15.9669313, 45.6783472], [15.9666806, 45.6783708], [15.9665408, 45.6783171], [15.9665742, 45.6781222], [15.9667663, 45.6781248], [15.9669076, 45.6780596], [15.9669561, 45.6779633], [15.9667204, 45.6779191], [15.9667279, 45.6778022], [15.9668152, 45.6776808], [15.9668991, 45.677549], [15.9666764, 45.6774565], [15.9666251, 45.6772537], [15.9665165, 45.677177], [15.9665087, 45.6770148], [15.9663251, 45.6768859], [15.965953, 45.6768848], [15.9660412, 45.6767784], [15.965985, 45.6765509], [15.9660981, 45.6765588], [15.9662829, 45.6765517], [15.9661778, 45.6763958], [15.9660367, 45.676216], [15.9657673, 45.6762591], [15.9657886, 45.6760404], [15.9660497, 45.6760212], [15.9662593, 45.6758551], [15.9663824, 45.6757091], [15.9661328, 45.6757331], [15.9658537, 45.6757566], [15.9658147, 45.6755282], [15.9659834, 45.6753314], [15.965613, 45.6750767], [15.9655144, 45.6748586], [15.9656252, 45.6746909], [15.9655087, 45.6746155], [15.9655444, 45.6744971], [15.9654684, 45.6744077], [15.9651561, 45.6744538], [15.9650964, 45.674293], [15.9652324, 45.6741857], [15.9651741, 45.6740921], [15.9649781, 45.6739117], [15.9649679, 45.673624], [15.9647668, 45.6733696], [15.9649057, 45.67324], [15.9650207, 45.6730091], [15.9651865, 45.6728835], [15.9652983, 45.6725131], [15.9652224, 45.6722537], [15.9654317, 45.6721346], [15.965291, 45.6719036], [15.9653001, 45.6717982], [15.9654814, 45.6717178], [15.9655112, 45.6715314], [15.9654745, 45.6714886], [15.9657271, 45.671362], [15.9657067, 45.6712443], [15.9659644, 45.6712158], [15.9661303, 45.6712247], [15.9660486, 45.671132], [15.9660793, 45.6710107], [15.9662221, 45.6709002], [15.9657475, 45.67026], [15.9653367, 45.6702761], [15.9651632, 45.6701851], [15.9652652, 45.6701423], [15.9649896, 45.6699034], [15.9637801, 45.6690082], [15.9633233, 45.6688781], [15.96279, 45.6685589], [15.9626267, 45.6682165], [15.9628538, 45.6677529], [15.9629202, 45.6675246], [15.9628411, 45.6672981], [15.9625527, 45.6671127], [15.9623026, 45.6669611], [15.9620526, 45.6666829], [15.9618791, 45.6663191], [15.9617939, 45.6662272], [15.9614411, 45.6660013], [15.9611256, 45.6658472], [15.9602808, 45.6658442], [15.9597758, 45.6656738], [15.9595729, 45.6654933], [15.959378, 45.6653235], [15.9592091, 45.6652006], [15.9590693, 45.6650597], [15.9588035, 45.6647322], [15.9587332, 45.6645743], [15.9586999, 45.6641824], [15.9586819, 45.663905], [15.9587166, 45.6636549], [15.9588016, 45.6634386], [15.9587713, 45.6632138], [15.9584253, 45.6626157], [15.9582675, 45.6623951], [15.9581249, 45.662094], [15.9574876, 45.6608787], [15.9571902, 45.6602807], [15.9571538, 45.660181], [15.9571569, 45.6600346], [15.9572418, 45.6599095], [15.9572358, 45.6597952], [15.9574118, 45.6593761], [15.9574093, 45.6592816], [15.9575751, 45.6590337], [15.9577436, 45.6590212], [15.9577767, 45.6588232], [15.9577691, 45.6585254], [15.9577051, 45.6581963], [15.9574434, 45.6577387], [15.9573148, 45.6575467], [15.9570669, 45.6569669], [15.9569352, 45.6569694], [15.956863, 45.656673], [15.9566302, 45.656103], [15.9560095, 45.655997], [15.9558111, 45.6560172], [15.9556144, 45.6559932], [15.9550496, 45.6558646], [15.9547375, 45.6557561], [15.9546184, 45.6555707], [15.9545552, 45.6554761], [15.9544452, 45.6554307], [15.9539417, 45.6553387], [15.9531767, 45.6550776], [15.95274, 45.6550284], [15.9527436, 45.6549754], [15.9523944, 45.6549939], [15.9522364, 45.6549384], [15.951898, 45.6546362], [15.9518039, 45.6544803], [15.9517485, 45.6543099], [15.9516898, 45.6541636], [15.9513504, 45.6536357], [15.9510543, 45.6534659], [15.9509844, 45.6531823], [15.9508182, 45.6529827], [15.950504, 45.6527687], [15.9498927, 45.6525512], [15.9493437, 45.6522822], [15.9491699, 45.6521281], [15.9490539, 45.6517722], [15.9488392, 45.6517941], [15.9488256, 45.6516285], [15.9484801, 45.6516647], [15.948653, 45.6513643], [15.9486631, 45.6513467], [15.948747, 45.6507079], [15.9488834, 45.6497784], [15.9491181, 45.6491188], [15.9491231, 45.6483374], [15.9494699, 45.646938], [15.9492338, 45.6458423], [15.9495084, 45.6445877], [15.9497932, 45.6436185], [15.9501156, 45.6427935], [15.9501475, 45.6423661], [15.9501162, 45.6417771], [15.9499678, 45.6413178], [15.9498364, 45.6409409], [15.9497789, 45.6406615], [15.9502303, 45.63917], [15.9502873, 45.6381248], [15.9505643, 45.6374788], [15.9495264, 45.636124], [15.9489071, 45.6350691], [15.9474962, 45.6334358], [15.9467956, 45.6320434], [15.9466352, 45.6316589], [15.946728, 45.6312335], [15.9471218, 45.6300369], [15.9470563, 45.6296267], [15.9470474, 45.6295707], [15.9468741, 45.629599], [15.946755, 45.6297559], [15.9465733, 45.6297759], [15.9440517, 45.6308809], [15.9425212, 45.631343], [15.9420298, 45.6315374], [15.9412697, 45.6305431], [15.9408149, 45.630217], [15.9406686, 45.6303162], [15.9401831, 45.6302458], [15.9400698, 45.6302521], [15.9395825, 45.6299233], [15.9392768, 45.6298947], [15.9389225, 45.6299556], [15.9387541, 45.6298845], [15.9386146, 45.6297142], [15.9384889, 45.6291743], [15.9384005, 45.6290756], [15.9383002, 45.6289635], [15.9382669, 45.6287292], [15.9382913, 45.6283256], [15.9383404, 45.6280879], [15.9383935, 45.6279971], [15.9384841, 45.6278332], [15.9386589, 45.6277589], [15.9385824, 45.6276163], [15.9385537, 45.6275958], [15.9384123, 45.6275861], [15.9383239, 45.6275078], [15.9380828, 45.6274359], [15.9381255, 45.6270462], [15.9379899, 45.6268099], [15.9380336, 45.6266842], [15.9379067, 45.62657], [15.9377169, 45.626394], [15.937454, 45.626243], [15.9374208, 45.6261424], [15.9372603, 45.6260843], [15.9371994, 45.6258986], [15.9370472, 45.6256566], [15.9371219, 45.6255947], [15.9370865, 45.6254228], [15.9370693, 45.6253392], [15.9369393, 45.6253373], [15.9368341, 45.6251844], [15.936704, 45.6251554], [15.9366874, 45.6247857], [15.936432, 45.6247135], [15.9365131, 45.6246222], [15.9364619, 45.6245777], [15.9363996, 45.624598], [15.9360966, 45.624447], [15.9360205, 45.6243328], [15.9359734, 45.624239], [15.9358353, 45.6240865], [15.9357819, 45.6240452], [15.9355929, 45.6239825], [15.9354767, 45.6238732], [15.9354462, 45.6237899], [15.9353508, 45.6237261], [15.9351657, 45.6235478], [15.9351068, 45.6234872], [15.9350128, 45.6235287], [15.9347803, 45.6234822], [15.9346932, 45.6234087], [15.9344856, 45.6233593], [15.934325, 45.6232639], [15.9343542, 45.6231377], [15.9340792, 45.622824], [15.9334704, 45.6228381], [15.9328821, 45.6223348], [15.9327238, 45.6222561], [15.9326196, 45.6221137], [15.9325603, 45.6221009], [15.9324304, 45.6220097], [15.9323587, 45.6220012], [15.9322585, 45.6219332], [15.9319939, 45.6218682], [15.9314753, 45.6220392], [15.9311049, 45.6219539], [15.931009, 45.621944], [15.9306578, 45.6218326], [15.9295544, 45.621552], [15.9294209, 45.6216353], [15.9287413, 45.6216726], [15.9286213, 45.6216382], [15.9284929, 45.6215574], [15.9284767, 45.6214349], [15.9284317, 45.6214159], [15.9281846, 45.6212085], [15.9276776, 45.6208926], [15.9273331, 45.6207752], [15.9268736, 45.6204549], [15.9266948, 45.6202252], [15.9257258, 45.6200746], [15.9251673, 45.6198021], [15.9246861, 45.6194829], [15.9240926, 45.6189711], [15.9229744, 45.6173853], [15.9223059, 45.6165711], [15.9219113, 45.6162914], [15.9211856, 45.6152673], [15.9207961, 45.6147525], [15.9205512, 45.6145373], [15.9199435, 45.6142381], [15.9199334, 45.6142502], [15.9199059, 45.6142829], [15.9198928, 45.6142984], [15.9196815, 45.6142073], [15.9195367, 45.6141385], [15.9194137, 45.6140779], [15.9193553, 45.6140491], [15.9192381, 45.6139901], [15.9192368, 45.6139895], [15.919229, 45.6139982], [15.9191153, 45.6141055], [15.919065, 45.6141593], [15.9189893, 45.6142401], [15.9187635, 45.6143699], [15.9186486, 45.6145269], [15.9186419, 45.6146453], [15.9186298, 45.6148588], [15.9183817, 45.6151318], [15.9181689, 45.6152617], [15.9181183, 45.6152926], [15.9179293, 45.615372], [15.9178533, 45.6154085], [15.9178268, 45.6154213], [15.9177813, 45.6154432], [15.9177244, 45.6154704], [15.9176381, 45.6155584], [15.9175907, 45.6156067], [15.9175099, 45.615765], [15.9172399, 45.6158895], [15.9168391, 45.6158613], [15.9165467, 45.6157535], [15.9160437, 45.6159155], [15.9159475, 45.6159115], [15.9159463, 45.6159121], [15.9159004, 45.6159359], [15.9158673, 45.6159334], [15.9158453, 45.6159203], [15.9157723, 45.615904], [15.9157211, 45.6158957], [15.9156935, 45.6159031], [15.9156732, 45.6159199], [15.9156407, 45.6159162], [15.9156357, 45.6158955], [15.9156313, 45.6158766], [15.9155962, 45.6158476], [15.9155691, 45.6158305], [15.915545, 45.6158068], [15.9155247, 45.6157884], [15.9155135, 45.6157802], [15.9154741, 45.6157649], [15.9154428, 45.6157597], [15.9154265, 45.6157493], [15.9154243, 45.6157386], [15.9154298, 45.6157112], [15.9154301, 45.6156842], [15.915418, 45.6156428], [15.9154183, 45.6156355], [15.9154186, 45.6156251], [15.9154362, 45.6156096], [15.9154601, 45.6155979], [15.9154641, 45.6155959], [15.9155062, 45.6155818], [15.9155384, 45.6155635], [15.915557, 45.6155538], [15.9155418, 45.6155304], [15.9155167, 45.6155021], [15.9154589, 45.6154653], [15.9154304, 45.615448], [15.9154023, 45.6154235], [15.9153658, 45.6153426], [15.9153432, 45.6153243], [15.9153226, 45.6153165], [15.9153068, 45.6153104], [15.9152775, 45.6153038], [15.915265, 45.6152942], [15.9152575, 45.6152693], [15.915234, 45.6152436], [15.9152139, 45.6152427], [15.9151951, 45.6152504], [15.9151801, 45.6152749], [15.9151649, 45.6153089], [15.9151474, 45.6153232], [15.9151208, 45.6153295], [15.9150982, 45.6153434], [15.9150958, 45.6153449], [15.915091, 45.6153478], [15.9150604, 45.6153923], [15.9150432, 45.6154172], [15.9150359, 45.6154311], [15.9149448, 45.6156042], [15.9149095, 45.6156713], [15.9148155, 45.6158386], [15.9146799, 45.6160136], [15.9140719, 45.6164006], [15.9138398, 45.6164094], [15.9133283, 45.6165914], [15.9132361, 45.6166172], [15.9129199, 45.6167024], [15.9125358, 45.6168863], [15.9122137, 45.6170062], [15.9121778, 45.6170195], [15.9115635, 45.6169797], [15.9110769, 45.616882], [15.9098073, 45.6165684], [15.9095467, 45.616424], [15.9095297, 45.6164669], [15.9095026, 45.6165562], [15.9088011, 45.6170933], [15.9083862, 45.6174755], [15.9082014, 45.6175265], [15.907983, 45.6178786], [15.9078069, 45.6181215], [15.9077387, 45.6181533], [15.9077104, 45.6181591], [15.9075819, 45.6181792], [15.907579, 45.6181593], [15.9075673, 45.6181328], [15.9075568, 45.6181254], [15.90754, 45.6181202], [15.9075121, 45.6181238], [15.907484, 45.618138], [15.9074761, 45.6181532], [15.9074722, 45.6181575], [15.907459, 45.6181602], [15.9074303, 45.6181729], [15.9074008, 45.6181858], [15.907388, 45.6181908], [15.9073802, 45.61819], [15.9073623, 45.618183], [15.9073388, 45.6181803], [15.9072805, 45.6181779], [15.9072472, 45.6181816], [15.907226, 45.6181862], [15.9072078, 45.6181868], [15.9071703, 45.6181816], [15.9071058, 45.6181749], [15.9070476, 45.6181748], [15.9070147, 45.618172], [15.9070009, 45.6181684], [15.9069848, 45.6181735], [15.9069762, 45.6181888], [15.9069674, 45.6182057], [15.9069578, 45.6182138], [15.9069505, 45.6182143], [15.9069197, 45.6182106], [15.9068807, 45.6182125], [15.9068628, 45.6182216], [15.9068597, 45.6182284], [15.906838, 45.6182325], [15.9068047, 45.6182415], [15.9067364, 45.6182497], [15.906695, 45.6182601], [15.9066748, 45.6182695], [15.9066588, 45.6182729], [15.9066477, 45.6182717], [15.9066349, 45.6182652], [15.9066199, 45.6182578], [15.9066123, 45.6182517], [15.9066043, 45.6182427], [15.9066038, 45.6182353], [15.906611, 45.618221], [15.9066047, 45.6182017], [15.9065867, 45.6181916], [15.9065629, 45.6181928], [15.9065396, 45.6182076], [15.9065329, 45.618218], [15.9065316, 45.6182187], [15.9065241, 45.6182177], [15.9065093, 45.6182127], [15.9064907, 45.6182142], [15.9064748, 45.6182243], [15.9064572, 45.6182459], [15.9064547, 45.618263], [15.9064613, 45.6182803], [15.9064668, 45.6182908], [15.9064648, 45.6182917], [15.9064563, 45.6182923], [15.9064432, 45.6182897], [15.9064403, 45.6182878], [15.9064383, 45.6182807], [15.9064365, 45.6182728], [15.9064233, 45.618261], [15.9064007, 45.6182533], [15.9063808, 45.6182521], [15.9063686, 45.6182542], [15.9063593, 45.6182524], [15.9063395, 45.6182457], [15.9063341, 45.6182407], [15.9063336, 45.6182337], [15.9063366, 45.6182215], [15.9063277, 45.6182057], [15.9062951, 45.6181933], [15.9062696, 45.6181926], [15.9062421, 45.6182029], [15.9062153, 45.618223], [15.9061955, 45.6182443], [15.9061756, 45.6182672], [15.9061613, 45.6182771], [15.9061258, 45.6183232], [15.9061231, 45.618343], [15.9061259, 45.6183628], [15.9061246, 45.6183643], [15.9061111, 45.6183694], [15.9060953, 45.6183802], [15.9060831, 45.6184051], [15.9060782, 45.6184207], [15.9060689, 45.6184262], [15.9060617, 45.6184253], [15.9060533, 45.6184206], [15.9060393, 45.6184095], [15.9060264, 45.6183983], [15.9060021, 45.6184045], [15.9059906, 45.6184124], [15.9059769, 45.6184135], [15.9059696, 45.6184102], [15.9059576, 45.6183943], [15.9059291, 45.61837], [15.9058941, 45.6183711], [15.9058724, 45.6183858], [15.9058821, 45.6183998], [15.9059122, 45.6184431], [15.9059505, 45.6185147], [15.9059622, 45.618546], [15.9059613, 45.6185638], [15.905957, 45.6185695], [15.9059427, 45.6185887], [15.9059393, 45.6186106], [15.9059645, 45.6186375], [15.9059935, 45.6186663], [15.9060345, 45.6186904], [15.9060745, 45.6187107], [15.9060824, 45.6187252], [15.9060811, 45.6187396], [15.9060794, 45.6187569], [15.9060925, 45.6187819], [15.9061221, 45.6187899], [15.9061505, 45.618785], [15.9061708, 45.6187879], [15.9061795, 45.6187949], [15.906184, 45.6188106], [15.9061768, 45.6188207], [15.906158, 45.6188404], [15.9061513, 45.6188609], [15.906156, 45.6188865], [15.9061626, 45.6189282], [15.9061532, 45.618968], [15.9061324, 45.6190004], [15.906136, 45.6190787], [15.9061457, 45.619105], [15.906148, 45.6191419], [15.9061604, 45.619175], [15.9061644, 45.6192121], [15.9061861, 45.6192284], [15.9062076, 45.6192372], [15.9062121, 45.6192462], [15.9062239, 45.6192693], [15.906237, 45.619315], [15.9062548, 45.6193521], [15.9062716, 45.6193688], [15.9062697, 45.6193835], [15.906255, 45.619411], [15.9062448, 45.6194218], [15.9062276, 45.6194296], [15.9062113, 45.6194311], [15.9061866, 45.6194282], [15.9061527, 45.6194192], [15.9061308, 45.619412], [15.9061182, 45.6194075], [15.9060924, 45.6194074], [15.9060672, 45.6194132], [15.9060515, 45.6194168], [15.9060294, 45.6194258], [15.9059836, 45.6194538], [15.9059532, 45.6194774], [15.9059456, 45.6194915], [15.9059375, 45.6195066], [15.9059176, 45.619552], [15.9059035, 45.6195844], [15.9059002, 45.6196252], [15.9059054, 45.6196509], [15.9059142, 45.619668], [15.9058871, 45.6196741], [15.9058623, 45.6196905], [15.9058578, 45.6197179], [15.9058773, 45.6197435], [15.9058785, 45.6197452], [15.9058961, 45.6197495], [15.9059011, 45.6197561], [15.9059089, 45.619775], [15.9059083, 45.6197815], [15.9058983, 45.6197907], [15.9058676, 45.6198018], [15.9058401, 45.6198142], [15.9058165, 45.6198385], [15.9057945, 45.6198754], [15.9057759, 45.6199127], [15.9057543, 45.6199584], [15.9057458, 45.6199907], [15.9057457, 45.6200034], [15.9057453, 45.6200388], [15.9057861, 45.6201278], [15.9058029, 45.6201464], [15.9058034, 45.6201549], [15.9057808, 45.6201821], [15.905771, 45.6201914], [15.9057412, 45.6201839], [15.9056914, 45.6201862], [15.9056939, 45.6202131], [15.905693, 45.620222], [15.905529, 45.6202574], [15.905459, 45.6202724], [15.9054129, 45.620284], [15.9053784, 45.6202918], [15.9042636, 45.6203487], [15.9039787, 45.6202986], [15.9039204, 45.6202848], [15.9037883, 45.6202632], [15.9034368, 45.6202369], [15.9033259, 45.6201955], [15.9028417, 45.6200148], [15.9023377, 45.6198622], [15.9022911, 45.6198745], [15.9022353, 45.6198891], [15.9018298, 45.6199736], [15.9018018, 45.6200746], [15.901797, 45.6200919], [15.9017945, 45.6201103], [15.9018722, 45.6204703], [15.9016633, 45.6206264], [15.9014012, 45.6205944], [15.9013852, 45.6206006], [15.9012668, 45.6206458], [15.9012165, 45.6207058], [15.9010843, 45.6208271], [15.9010372, 45.6208727], [15.900987, 45.6209174], [15.9009117, 45.6209648], [15.9008533, 45.620975], [15.90083, 45.6209911], [15.9008157, 45.6210011], [15.9007798, 45.6210134], [15.9007184, 45.6210296], [15.9006795, 45.6210527], [15.9006485, 45.6210679], [15.9006242, 45.6210731], [15.9006087, 45.6210738], [15.9005944, 45.6210811], [15.9005747, 45.6211002], [15.9005559, 45.6211058], [15.9005294, 45.6211017], [15.9004928, 45.6211062], [15.9004716, 45.6211247], [15.9004611, 45.6211551], [15.9004479, 45.6211689], [15.9004254, 45.6211738], [15.900403, 45.6211753], [15.900391, 45.6211779], [15.9003849, 45.6211899], [15.9003772, 45.6211946], [15.9003725, 45.6211953], [15.9003604, 45.6211972], [15.9003529, 45.6212013], [15.9003532, 45.6212123], [15.9003399, 45.6212214], [15.9003278, 45.6212218], [15.9003264, 45.6212219], [15.9003114, 45.6212268], [15.9003095, 45.6212339], [15.900312, 45.6212421], [15.9003104, 45.6212537], [15.9003, 45.6212639], [15.9002808, 45.6212695], [15.9002545, 45.6212684], [15.90024, 45.6212718], [15.9002158, 45.6212884], [15.9002096, 45.6213042], [15.9001907, 45.6213106], [15.9001618, 45.6213131], [15.9001403, 45.6213093], [15.900119, 45.6213004], [15.9000965, 45.621294], [15.9000844, 45.6212953], [15.9000702, 45.6213049], [15.9000622, 45.6213129], [15.9000339, 45.6213194], [15.9000071, 45.6213192], [15.8999335, 45.6213279], [15.8998351, 45.6213585], [15.8997103, 45.6213968], [15.8996266, 45.6214296], [15.8995882, 45.6214581], [15.8995186, 45.6214788], [15.8994791, 45.6214942], [15.8994492, 45.6215101], [15.8990613, 45.6217005], [15.8986933, 45.621994], [15.8986443, 45.6220485], [15.8986144, 45.6220814], [15.8985808, 45.6221188], [15.8984532, 45.6222888], [15.8984416, 45.6223041], [15.8991088, 45.6228969], [15.8995988, 45.62366], [15.8998054, 45.6242058], [15.8999725, 45.6244333], [15.9001916, 45.6248486], [15.9007879, 45.6254753], [15.9010201, 45.6256641], [15.9011953, 45.6258611], [15.9016159, 45.6264611], [15.9016778, 45.6266653], [15.9019194, 45.6270753], [15.902347, 45.6275245], [15.9025987, 45.627665], [15.9033527, 45.6281868], [15.9036544, 45.6283954], [15.903809, 45.628533], [15.9040526, 45.6286598], [15.904133, 45.6286991], [15.9043163, 45.628847], [15.9043756, 45.6288964], [15.9044293, 45.6290168], [15.9044742, 45.6290571], [15.9044931, 45.629109], [15.9045774, 45.6293363], [15.9049082, 45.6295881], [15.9051197, 45.6300077], [15.905204, 45.6301909], [15.905295, 45.6303014], [15.9054701, 45.630693], [15.9056411, 45.631076], [15.9064734, 45.6316588], [15.9067912, 45.6318384], [15.9069955, 45.6319157], [15.9073202, 45.6319876], [15.907641, 45.6320878], [15.9076799, 45.6321149], [15.9079641, 45.6323049], [15.9082778, 45.6323813], [15.9082186, 45.6323982], [15.9080759, 45.6324787], [15.9076755, 45.6326232], [15.9075492, 45.6326697], [15.9072265, 45.6327911], [15.9070065, 45.6328659], [15.9067898, 45.6330185], [15.9066294, 45.6331226], [15.9063321, 45.6333287], [15.906281, 45.6333643], [15.9060147, 45.6334695], [15.9059297, 45.6335411], [15.9056935, 45.6337021], [15.9055335, 45.6338666], [15.9053685, 45.6340925], [15.9052298, 45.6342173], [15.9048909, 45.6343648], [15.9045375, 45.6344139], [15.9042517, 45.6344298], [15.9040581, 45.6344737], [15.9039291, 45.6345474], [15.9037871, 45.6346731], [15.9036758, 45.6347821], [15.9034076, 45.6348647], [15.903161, 45.634862], [15.9029288, 45.6348171], [15.9026898, 45.6348151], [15.9024788, 45.6348429], [15.9023206, 45.6348837], [15.9021621, 45.6350034], [15.9019582, 45.6350998], [15.9017674, 45.6351821], [15.9013559, 45.6352608], [15.9011773, 45.6353683], [15.9010749, 45.6355025], [15.9008398, 45.6356276], [15.9005613, 45.6357656], [15.9003057, 45.6358464], [15.9000193, 45.6359842], [15.8997858, 45.6360476], [15.8996872, 45.6360458], [15.8995481, 45.6360037], [15.8994764, 45.635981], [15.8993728, 45.6359405], [15.8992051, 45.6358088], [15.8989257, 45.6356875], [15.8988662, 45.63568], [15.8987818, 45.6356694], [15.8985523, 45.6355327], [15.8985056, 45.6355132], [15.8983605, 45.635458], [15.8981727, 45.6354055], [15.8980393, 45.6354429], [15.8978843, 45.6355426], [15.8976391, 45.6355843], [15.897419, 45.6356294], [15.8971691, 45.6356926], [15.8970071, 45.6357155], [15.8968041, 45.6357391], [15.8967596, 45.6357436], [15.8967047, 45.6357434], [15.8966603, 45.6357393], [15.8965941, 45.6357311], [15.8965815, 45.6357281], [15.896436, 45.6357186], [15.8962344, 45.6357214], [15.8957741, 45.6357578], [15.895698, 45.6357621], [15.8955975, 45.6357628], [15.8952328, 45.6356927], [15.894941, 45.6356996], [15.8948511, 45.6357404], [15.8948338, 45.6357671], [15.8948041, 45.6358105], [15.894772, 45.6358313], [15.8947388, 45.6358491], [15.8945211, 45.6359742], [15.8944006, 45.6362007], [15.894193, 45.6362538], [15.8938706, 45.636433], [15.8937327, 45.636606], [15.8936558, 45.6369556], [15.8937599, 45.6373021], [15.8939442, 45.6378015], [15.8940348, 45.6379418], [15.8940512, 45.6381326], [15.893985, 45.6386709], [15.8939574, 45.6388285], [15.8939294, 45.6389441], [15.8939097, 45.6390035], [15.8938413, 45.6391504], [15.89383, 45.6392438], [15.8938204, 45.6393248], [15.8937282, 45.639516], [15.8936031, 45.6396792], [15.89357, 45.6397395], [15.8935245, 45.6398286], [15.8934353, 45.6399658], [15.8931203, 45.6401094], [15.8928596, 45.6402172], [15.892581, 45.6403301], [15.8924003, 45.6404153], [15.8922976, 45.6404812], [15.8919822, 45.6407158], [15.8918458, 45.6408365], [15.8916241, 45.6410789], [15.8915764, 45.6411294], [15.8914723, 45.6412783], [15.891339, 45.6414155], [15.8912211, 45.6415562], [15.8911121, 45.6417278], [15.8907488, 45.642005], [15.8904375, 45.642294], [15.8902791, 45.6424299], [15.8901232, 45.6425328], [15.8899931, 45.6426743], [15.8898765, 45.6428011], [15.8895125, 45.6429772], [15.8893264, 45.6430393], [15.8888581, 45.6431435], [15.8882518, 45.6433725], [15.8881607, 45.6434288], [15.8880498, 45.6434678], [15.8879043, 45.643498], [15.8878212, 45.6435094], [15.8876762, 45.6435205], [15.8869651, 45.643672], [15.8866552, 45.6437821], [15.8865403, 45.6438256], [15.8860975, 45.6439698], [15.885831, 45.6441638], [15.8854289, 45.6443763], [15.8850964, 45.6446013], [15.8849754, 45.6447204], [15.8849322, 45.6449995], [15.8848945, 45.64523], [15.8845637, 45.6457483], [15.8842965, 45.6458982], [15.8840378, 45.6459544], [15.8837281, 45.6460159], [15.8833678, 45.6461129], [15.882994, 45.6462142], [15.8824601, 45.6462365], [15.8823118, 45.6462574], [15.8820753, 45.6462829], [15.8817757, 45.6463947], [15.8815554, 45.6464771], [15.8812646, 45.6467293], [15.8810587, 45.646965], [15.8809963, 45.6470282], [15.8808786, 45.6471476], [15.8808055, 45.6472831], [15.8806915, 45.6476057], [15.8805966, 45.6479699], [15.8806108, 45.6482338], [15.8805991, 45.6484561], [15.8802211, 45.6493918], [15.8797564, 45.6499045], [15.8793795, 45.6501191], [15.8787863, 45.6504224], [15.8782597, 45.6512062], [15.8777981, 45.6520508], [15.8770731, 45.6530156], [15.8768082, 45.653214], [15.8765945, 45.6534859], [15.8762929, 45.6537947], [15.8760833, 45.653992], [15.8760299, 45.6540742], [15.8759748, 45.654166], [15.8758166, 45.6544751], [15.8756753, 45.654751], [15.8755746, 45.6549576], [15.8754057, 45.6552645], [15.875328, 45.6553877], [15.8751676, 45.6556068], [15.8749827, 45.6557576], [15.8748127, 45.6558672], [15.874065, 45.6562157], [15.8735937, 45.6564535], [15.8734884, 45.6565201], [15.8731942, 45.6567255], [15.8730739, 45.6568349], [15.873046, 45.6568196], [15.8730132, 45.6568017], [15.8727015, 45.6569069], [15.872303, 45.6568783], [15.8721899, 45.6568713], [15.8717174, 45.6565929], [15.8716156, 45.6565628], [15.8715515, 45.6565438], [15.8711233, 45.6564156], [15.8711593, 45.6563649], [15.8709221, 45.6563513], [15.8701883, 45.6562588], [15.8695455, 45.6562564], [15.8684939, 45.6562694], [15.8676722, 45.6563359], [15.8676143, 45.6563406], [15.8675635, 45.6563447], [15.8672291, 45.6563276], [15.8666299, 45.6562804], [15.8663995, 45.6562713], [15.8662402, 45.6562098], [15.8662412, 45.6562846], [15.8656154, 45.6563367], [15.8651647, 45.6563218], [15.8648112, 45.656365], [15.863458, 45.6568324], [15.8629296, 45.6570364], [15.8627664, 45.6571886], [15.8625204, 45.6574157], [15.8621336, 45.6576023], [15.861846, 45.6578101], [15.8616671, 45.6580608], [15.861677, 45.6589941], [15.8617131, 45.6598541], [15.8615491, 45.6603615], [15.8614622, 45.6609683], [15.8613581, 45.6612576], [15.8611694, 45.6617063], [15.8611446, 45.6617646], [15.8608968, 45.6616617], [15.8606567, 45.6614802], [15.8605106, 45.6613739], [15.8603287, 45.6613119], [15.8599469, 45.6611997], [15.8597099, 45.661073], [15.8594834, 45.6609833], [15.8591991, 45.6609054], [15.8588673, 45.6608901], [15.8586274, 45.6609572], [15.8583903, 45.6610366], [15.8582486, 45.6610354], [15.8577357, 45.6609342], [15.8574426, 45.6608689], [15.8569866, 45.6608239], [15.8565947, 45.6608167], [15.856426, 45.6606894], [15.8563475, 45.6606389], [15.8561989, 45.6605936], [15.8558856, 45.6605529], [15.8555668, 45.6605569], [15.8555464, 45.6605189], [15.855542, 45.6605108], [15.8551643, 45.6602293], [15.8547874, 45.6594634], [15.8547265, 45.6592785], [15.8542095, 45.6591887], [15.8538059, 45.6589348], [15.853619, 45.6588817], [15.8534436, 45.6589049], [15.8533002, 45.6591461], [15.8531925, 45.6591311], [15.853154, 45.6592569], [15.8530698, 45.6593077], [15.8529366, 45.6593265], [15.8529041, 45.6593744], [15.8530046, 45.6593855], [15.8531035, 45.6594333], [15.8532451, 45.6593411], [15.8533822, 45.6593694], [15.8533779, 45.659501], [15.8533007, 45.6595742], [15.853302, 45.6597142], [15.8532227, 45.6597546], [15.8529971, 45.6597558], [15.8528079, 45.6596766], [15.8526772, 45.659767], [15.8527532, 45.6598463], [15.8525926, 45.6598989], [15.8523044, 45.6597869], [15.8521319, 45.6598198], [15.8520653, 45.659773], [15.8518205, 45.6597752], [15.8518712, 45.6599377], [15.8518198, 45.6600535], [15.8517112, 45.6600621], [15.8516288, 45.6600348], [15.8517342, 45.6601325], [15.8516662, 45.6602122], [15.8513979, 45.6602639], [15.8515449, 45.6603111], [15.8515736, 45.6604181], [15.8513306, 45.6604143], [15.8512419, 45.6604616], [15.8510814, 45.6604276], [15.8509852, 45.6605009], [15.8509148, 45.6605146], [15.8508465, 45.660528], [15.8507288, 45.6605025], [15.8507285, 45.6606173], [15.8505571, 45.6606239], [15.8504634, 45.6607035], [15.8504259, 45.6607354], [15.850394, 45.6607625], [15.8504502, 45.6608588], [15.8503427, 45.6609551], [15.8502441, 45.6610142], [15.8502309, 45.6611165], [15.8502746, 45.6612007], [15.8502255, 45.6612985], [15.8500635, 45.6613509], [15.849987, 45.6613466], [15.8497926, 45.6614115], [15.8497621, 45.6614421], [15.8497042, 45.6615002], [15.8495298, 45.6614253], [15.849476, 45.6614482], [15.8494651, 45.6615562], [15.8493886, 45.6615802], [15.8492603, 45.6615389], [15.8491345, 45.6616761], [15.8488939, 45.6615684], [15.8488497, 45.6615844], [15.8488542, 45.6617388], [15.8487884, 45.6618318], [15.848697, 45.6618443], [15.848621, 45.6617889], [15.8485843, 45.6617112], [15.8485357, 45.6618175], [15.848609, 45.6618643], [15.8485994, 45.6618784], [15.8484722, 45.6620679], [15.8483494, 45.6620465], [15.8481371, 45.6620317], [15.8480739, 45.6622545], [15.8480666, 45.6622803], [15.848169, 45.6623477], [15.8479956, 45.6624456], [15.8478807, 45.6623883], [15.8477722, 45.6623882], [15.8477648, 45.6625048], [15.8479886, 45.6625086], [15.8480789, 45.6625708], [15.8480764, 45.6626055], [15.8480744, 45.6626351], [15.848007, 45.6626798], [15.8479543, 45.6627878], [15.8477426, 45.6627624], [15.8476888, 45.6628095], [15.8477107, 45.6629324], [15.8476752, 45.6629384], [15.847573, 45.662956], [15.8475661, 45.6630228], [15.847716, 45.6631077], [15.8476455, 45.6631658], [15.8473889, 45.6631188], [15.8473778, 45.6631786], [15.8474099, 45.6632176], [15.847419, 45.6632568], [15.8474328, 45.6633164], [15.8473708, 45.6633568], [15.8472862, 45.6633282], [15.8472434, 45.6632381], [15.847239, 45.6630863], [15.8470668, 45.6630073], [15.8470659, 45.6630693], [15.8470261, 45.6631158], [15.8470604, 45.663182], [15.8469998, 45.6632189], [15.8469294, 45.6631241], [15.8466724, 45.6630546], [15.8466085, 45.6630935], [15.846539, 45.6631358], [15.8465588, 45.6632081], [15.8464824, 45.6632497], [15.846444, 45.6633724], [15.8463624, 45.6633713], [15.8463236, 45.6633708], [15.846356, 45.6634612], [15.8462165, 45.663509], [15.8460618, 45.6635196], [15.846032, 45.6634222], [15.8459881, 45.6633981], [15.8459918, 45.6633395], [15.8459596, 45.6633701], [15.8459056, 45.6634213], [15.8459637, 45.6636451], [15.845821, 45.6636354], [15.8455906, 45.6636607], [15.8455998, 45.6635081], [15.8454723, 45.6634471], [15.8454028, 45.6633779], [15.8453042, 45.6633255], [15.8452434, 45.6633572], [15.8452364, 45.6634459], [15.8450876, 45.6634559], [15.8450237, 45.6633891], [15.8450305, 45.6633103], [15.8449727, 45.6633144], [15.8449141, 45.663366], [15.8449816, 45.6634955], [15.8449167, 45.6635551], [15.8449273, 45.6636082], [15.8448672, 45.6636726], [15.8448556, 45.6637371], [15.8448148, 45.6637838], [15.8446754, 45.6638617], [15.8446334, 45.6638851], [15.8445751, 45.6638876], [15.844418, 45.6638944], [15.8442756, 45.6638187], [15.8441454, 45.6639086], [15.8440522, 45.6638683], [15.8439719, 45.6638917], [15.8438318, 45.6639328], [15.8436374, 45.6639659], [15.8435535, 45.6639874], [15.8432555, 45.6640655], [15.8431617, 45.664077], [15.8429724, 45.6641498], [15.8426803, 45.6642145], [15.8424323, 45.6642746], [15.8423312, 45.6643109], [15.8420285, 45.6643373], [15.8419869, 45.6644288], [15.841899, 45.664436], [15.8417753, 45.6644461], [15.8416946, 45.6644005], [15.8416347, 45.6643213], [15.8415788, 45.6643309], [15.8415483, 45.6644065], [15.8415023, 45.6644383], [15.8414836, 45.6644513], [15.8414691, 45.6644613], [15.8413766, 45.6643175], [15.8412789, 45.6643253], [15.8411229, 45.6643565], [15.8411187, 45.6643556], [15.8409646, 45.6643252], [15.8409076, 45.6642645], [15.8407632, 45.6642716], [15.8407643, 45.6644762], [15.8407646, 45.6645113], [15.8406247, 45.664504], [15.8405506, 45.6644143], [15.8405318, 45.6643458], [15.8404381, 45.6643989], [15.8405099, 45.6645168], [15.8404471, 45.6645604], [15.840234, 45.664567], [15.8402414, 45.6646177], [15.8401746, 45.6646516], [15.840126, 45.6646764], [15.8399558, 45.6646888], [15.8399747, 45.6648405], [15.8396628, 45.6647447], [15.839544, 45.664785], [15.8395097, 45.6647966], [15.8394998, 45.6648], [15.8394092, 45.6646479], [15.8391571, 45.6647565], [15.8390863, 45.6648965], [15.8390573, 45.664954], [15.8389374, 45.6650299], [15.8388774, 45.6650267], [15.8388726, 45.6650028], [15.8388562, 45.6649224], [15.8388537, 45.6649106], [15.8389092, 45.6648658], [15.8388738, 45.6647521], [15.8388225, 45.6647109], [15.8386577, 45.6647833], [15.8386037, 45.6648301], [15.8385224, 45.6648329], [15.838498, 45.6647882], [15.8384995, 45.6647072], [15.83829, 45.6647879], [15.8382172, 45.6648585], [15.8382629, 45.6649171], [15.8381296, 45.664961], [15.8381166, 45.6650181], [15.8379413, 45.6650004], [15.8378462, 45.6650488], [15.8378804, 45.6651231], [15.837983, 45.6652242], [15.8379101, 45.665303], [15.8378526, 45.6652939], [15.8376639, 45.665264], [15.837414, 45.6654603], [15.8373517, 45.6655016], [15.8373499, 45.6655027], [15.8373007, 45.6655353], [15.8372439, 45.6655727], [15.837071, 45.6656624], [15.836904, 45.6658071], [15.8369274, 45.6658713], [15.836788, 45.6659936], [15.8365569, 45.6660379], [15.8363049, 45.6660088], [15.836274, 45.6660185], [15.8360255, 45.6660966], [15.8359048, 45.6662016], [15.8358319, 45.666265], [15.835712, 45.6663746], [15.8354957, 45.666572], [15.8352765, 45.6666393], [15.8351127, 45.6666896], [15.8350343, 45.6667527], [15.8349439, 45.6668936], [15.8351759, 45.6670791], [15.835262, 45.667148], [15.8351129, 45.6673342], [15.8350397, 45.6674255], [15.8347194, 45.6675589], [15.8346614, 45.6675602], [15.8344176, 45.6675657], [15.8342561, 45.6675692], [15.834122, 45.6676561], [15.833989, 45.667694], [15.8337563, 45.6677604], [15.8336766, 45.6678463], [15.8335926, 45.6679366], [15.8332483, 45.668141], [15.8332732, 45.6682218], [15.8332429, 45.6682503], [15.8331423, 45.6683451], [15.832887, 45.6683154], [15.8328743, 45.6684836], [15.8326584, 45.6686634], [15.832306, 45.6688952], [15.8322603, 45.6690771], [15.8322931, 45.6691894], [15.8321748, 45.6692409], [15.8320956, 45.6692754], [15.8319405, 45.6694105], [15.8318266, 45.6693859], [15.8318053, 45.6694706], [15.8317192, 45.669536], [15.8316212, 45.6695243], [15.8315371, 45.6694582], [15.8315727, 45.6695523], [15.8314599, 45.6696909], [15.8312747, 45.6696687], [15.8312034, 45.6697174], [15.8312061, 45.6697654], [15.8314399, 45.6697723], [15.8313752, 45.6699117], [15.8313613, 45.6699418], [15.831003, 45.6699214], [15.8309057, 45.6698146], [15.8306812, 45.6698186], [15.8306377, 45.669863], [15.8307612, 45.6699129], [15.8307628, 45.6700175], [15.8302275, 45.6701271], [15.8301333, 45.6700915], [15.8300831, 45.6701295], [15.8300065, 45.6701874], [15.829864, 45.6701093], [15.8299135, 45.6702371], [15.8295934, 45.6706023], [15.829588, 45.6706949], [15.8294926, 45.6707632], [15.8294353, 45.670821], [15.8292383, 45.6708367], [15.8290648, 45.6707232], [15.8289058, 45.6705969], [15.8288243, 45.6705801], [15.8286129, 45.6707291], [15.8287269, 45.6708264], [15.8288161, 45.6708546], [15.8287316, 45.6708955], [15.8286321, 45.6709437], [15.8285138, 45.6708802], [15.8284042, 45.6705883], [15.8282073, 45.6705895], [15.8281778, 45.6706952], [15.8280242, 45.6707294], [15.8278492, 45.670762], [15.8276869, 45.6707639], [15.8275662, 45.670748], [15.8274656, 45.6707199], [15.8274237, 45.670716], [15.8273933, 45.670767], [15.8273233, 45.6707594], [15.8273034, 45.6707424], [15.8272635, 45.670681], [15.8272066, 45.6706382], [15.8270775, 45.6706269], [15.8270228, 45.6706023], [15.8269681, 45.6705519], [15.8268818, 45.6705462], [15.8265845, 45.6705943], [15.8265148, 45.6705765], [15.8264317, 45.6704978], [15.82637, 45.6705127], [15.8262332, 45.6705671], [15.8260213, 45.6705999], [15.8259153, 45.670598], [15.8257799, 45.670568], [15.8256552, 45.6705137], [15.8255345, 45.6704265], [15.8254875, 45.6703712], [15.8254003, 45.6703497], [15.8251817, 45.6703403], [15.825053, 45.6703431], [15.824939, 45.6703609], [15.8248867, 45.6703366], [15.8248492, 45.6703197], [15.8247526, 45.6702906], [15.824652, 45.6702869], [15.8244951, 45.6703338], [15.8244213, 45.6703778], [15.8243892, 45.6704378], [15.8243878, 45.670509], [15.8243677, 45.6705455], [15.8242832, 45.6705671], [15.8241558, 45.6705699], [15.8240083, 45.6705559], [15.8239171, 45.6705521], [15.8238138, 45.6705521], [15.8237494, 45.6705615], [15.8237065, 45.6705971], [15.823677, 45.6706486], [15.823622, 45.6706767], [15.8235402, 45.6706917], [15.8233941, 45.6706796], [15.8231513, 45.6706468], [15.8230588, 45.6706083], [15.8229917, 45.6705474], [15.822812, 45.6702897], [15.8227369, 45.6701772], [15.8226122, 45.6701323], [15.822458, 45.6701323], [15.8222863, 45.670166], [15.8221053, 45.6701772], [15.8219483, 45.6702138], [15.8218115, 45.6702316], [15.8213046, 45.6702532], [15.8208299, 45.6702316], [15.8206086, 45.6702269], [15.820508, 45.6702372], [15.8203109, 45.6703225], [15.8200855, 45.6703778], [15.8197462, 45.6704312], [15.8194968, 45.6704115], [15.8191508, 45.6703862], [15.8190046, 45.6703431], [15.8188705, 45.6702963], [15.8187324, 45.6702644], [15.818444, 45.6702569], [15.8183099, 45.6702569], [15.8181436, 45.670271], [15.818039, 45.6702906], [15.8179384, 45.6703684], [15.8177601, 45.6704884], [15.8174811, 45.6705371], [15.8171807, 45.6705783], [15.8169769, 45.6705821], [15.8167516, 45.6706233], [15.8166309, 45.6707114], [15.8165638, 45.6707958], [15.816545, 45.6708914], [15.8165477, 45.6709869], [15.8165397, 45.6712119], [15.8165289, 45.6714218], [15.8164458, 45.6716336], [15.8163814, 45.6717479], [15.8163063, 45.6718266], [15.8162312, 45.671896], [15.8162071, 45.6719653], [15.8161266, 45.6724226], [15.8157913, 45.672863], [15.815448, 45.6733747], [15.8152844, 45.6741694], [15.8153139, 45.6746997], [15.8153193, 45.6749574], [15.815153, 45.6751355], [15.8147748, 45.6753473], [15.8144636, 45.6754616], [15.814115, 45.6758158], [15.8140747, 45.676065], [15.8141471, 45.6762956], [15.8139782, 45.6765186], [15.8138682, 45.6767172], [15.8135678, 45.6768971], [15.8133317, 45.6772064], [15.8133693, 45.6773919], [15.813498, 45.6775868], [15.8136885, 45.6778529], [15.8135651, 45.6780291], [15.8133559, 45.6781659], [15.8131628, 45.6782689], [15.8130313, 45.6783758], [15.812865, 45.6785144], [15.8126827, 45.6786344], [15.8126236, 45.6786812], [15.8125351, 45.6787937], [15.8123769, 45.6789098], [15.8117412, 45.6790139], [15.8112986, 45.6790916], [15.811017, 45.6791741], [15.8105664, 45.6792715], [15.809802, 45.6794102], [15.8095901, 45.6795114], [15.8092253, 45.6795714], [15.8080558, 45.6796107], [15.8074604, 45.6796913], [15.8070661, 45.6797419], [15.8067737, 45.679592], [15.8065163, 45.6795358], [15.8062293, 45.6796426], [15.8060335, 45.6797381], [15.8054407, 45.6801336], [15.805084, 45.6802853], [15.8047728, 45.6803772], [15.8045234, 45.6804915], [15.8041747, 45.6805458], [15.803995, 45.6806002], [15.8037241, 45.680737], [15.8031528, 45.6809899], [15.8030187, 45.6812635], [15.8028286, 45.6813646], [15.8028326, 45.681506], [15.8029283, 45.6815716], [15.8029288, 45.6816278], [15.8024288, 45.6816478], [15.8023883, 45.6816969], [15.8024402, 45.6817359], [15.8024094, 45.681761], [15.8022462, 45.6818194], [15.8021721, 45.6823309], [15.80238, 45.6823944], [15.8023093, 45.6826174], [15.8015235, 45.6825474], [15.8005508, 45.6824138], [15.7994816, 45.6826227], [15.7992842, 45.6826851], [15.7989186, 45.6827228], [15.7979245, 45.6826966], [15.7965119, 45.6824186], [15.796361, 45.6823935], [15.7961906, 45.6823724], [15.7952698, 45.6823537], [15.7951211, 45.6823761], [15.7949168, 45.6824262], [15.794657, 45.6826293], [15.7942709, 45.6828716], [15.7939304, 45.6829788], [15.7934076, 45.683037], [15.792849, 45.6830263], [15.7920133, 45.683237], [15.791555, 45.6836752], [15.7913566, 45.6837362], [15.7908895, 45.6838426], [15.7902448, 45.6840551], [15.7894014, 45.6844545], [15.7883411, 45.6846309], [15.7865551, 45.6857068], [15.7861719, 45.6860597], [15.7854924, 45.6863962], [15.7848688, 45.6860929], [15.7845494, 45.6863958], [15.7834186, 45.6868445], [15.7826499, 45.6874685], [15.7824036, 45.6875818], [15.7818245, 45.6876487], [15.7816036, 45.687858], [15.780532, 45.6884694], [15.7798946, 45.6888543], [15.7788688, 45.6891836], [15.7779368, 45.6896713], [15.7770896, 45.6899661], [15.7773262, 45.6903522], [15.7772572, 45.6909535], [15.7773534, 45.6912006], [15.777578, 45.6920893], [15.7773014, 45.6927383], [15.7771192, 45.6928989], [15.7768304, 45.693629], [15.7766664, 45.6939968], [15.7765299, 45.6960389], [15.7764753, 45.6962762], [15.7763899, 45.6966472], [15.7763818, 45.6967555], [15.7765023, 45.6971731], [15.7767758, 45.6977492], [15.7767527, 45.6983644], [15.7768132, 45.698643], [15.7767821, 45.7006609], [15.7767562, 45.7015062], [15.7767416, 45.7018116], [15.7764572, 45.7021391], [15.776275, 45.7025213], [15.7759565, 45.7027783], [15.7757557, 45.7032976], [15.7756998, 45.7037296], [15.7755421, 45.7039311], [15.7753111, 45.7046065], [15.775302, 45.704933], [15.775364, 45.705071], [15.775462, 45.7051955], [15.7752977, 45.7056998], [15.7746399, 45.7062959], [15.7739537, 45.7069319], [15.7735911, 45.7073861], [15.773298, 45.7080921], [15.7732052, 45.7081452], [15.7749417, 45.7099206], [15.7775931, 45.7121987], [15.777897, 45.7125927], [15.7780989, 45.7129866], [15.7795281, 45.7171483], [15.7805389, 45.719778], [15.7809182, 45.7206783], [15.7815921, 45.721779], [15.7824728, 45.7229744], [15.783055, 45.7236546], [15.7832449, 45.7240095], [15.7833547, 45.7242495], [15.7834529, 45.724464], [15.7836455, 45.7248851], [15.7838611, 45.7254255], [15.7842374, 45.7267751], [15.7845121, 45.7277597], [15.7846788, 45.7282274], [15.7849584, 45.7287168], [15.7855402, 45.7294229], [15.78602, 45.7298418], [15.7863924, 45.7299283], [15.7878483, 45.7317735], [15.7889422, 45.7331532], [15.7892665, 45.7337126], [15.7899188, 45.7334146], [15.7906912, 45.733064], [15.7914344, 45.732785], [15.7918489, 45.7327504], [15.7940378, 45.7317501], [15.7961134, 45.7335827], [15.7966064, 45.7334181], [15.7971214, 45.7338064], [15.7978229, 45.7342081], [15.7988451, 45.7347119], [15.7985197, 45.7350381], [15.7986687, 45.7350515], [15.802697, 45.7358543], [15.8024837, 45.7363325], [15.8064008, 45.7371139], [15.8061356, 45.7378619], [15.8077942, 45.7382473], [15.8087638, 45.7380577], [15.8087722, 45.7377757], [15.809443, 45.7376428], [15.8095369, 45.7370654], [15.8090906, 45.7364384], [15.8091739, 45.7360992], [15.8095134, 45.735821], [15.8094124, 45.7357416], [15.8092978, 45.7357132], [15.8093251, 45.7355599], [15.8095583, 45.7354411], [15.8093936, 45.7353133], [15.80937, 45.7351562], [15.8092246, 45.7351151], [15.8090267, 45.73507], [15.809024, 45.7347943], [15.8089273, 45.7346413], [15.8088129, 45.7347022], [15.8087221, 45.7346481], [15.8087454, 45.7345237], [15.8091467, 45.7343211], [15.8092514, 45.7342093], [15.8092527, 45.7339438], [15.8087534, 45.7339291], [15.8086869, 45.7338086], [15.8090299, 45.7333674], [15.8086793, 45.7330765], [15.8088212, 45.7329092], [15.8091685, 45.7328589], [15.8094911, 45.7328854], [15.8095605, 45.7327883], [15.8092748, 45.7326638], [15.8090734, 45.7326134], [15.8091883, 45.7323278], [15.8095332, 45.732126], [15.8093244, 45.7320068], [15.8093192, 45.731935], [15.8095392, 45.7318308], [15.8097743, 45.7318639], [15.809851, 45.7317771], [15.8095834, 45.7316255], [15.8095715, 45.7313561], [15.8101983, 45.7312419], [15.8103003, 45.7311685], [15.8102449, 45.7311123], [15.8100066, 45.7310931], [15.8099368, 45.7310199], [15.8099165, 45.7309202], [15.8101409, 45.7308941], [15.8103281, 45.7308593], [15.810316, 45.7306512], [15.8103545, 45.7305169], [15.8104702, 45.7304635], [15.81057, 45.7305641], [15.8109633, 45.7304091], [15.8111273, 45.7304654], [15.8111961, 45.7303866], [15.8112394, 45.7300619], [15.8114435, 45.7300164], [15.811725, 45.7301365], [15.8117539, 45.7297439], [15.8120369, 45.7296114], [15.8120321, 45.7293335], [15.8123158, 45.729259], [15.8125021, 45.7292511], [15.8125022, 45.7291581], [15.8123713, 45.7290197], [15.8125704, 45.7290073], [15.8126819, 45.7290603], [15.812749, 45.7290308], [15.8126168, 45.7287835], [15.8128115, 45.7286349], [15.8131406, 45.7286549], [15.8132452, 45.7283642], [15.813552, 45.7282414], [15.813782, 45.7282644], [15.8138098, 45.7281539], [15.8136264, 45.727986], [15.8135167, 45.7278981], [15.8135761, 45.7275612], [15.8141388, 45.7272382], [15.8143334, 45.7273082], [15.8143754, 45.7273708], [15.814487, 45.7273302], [15.8145671, 45.7270581], [15.8146372, 45.7267975], [15.8148226, 45.7266957], [15.8151449, 45.7266467], [15.8154623, 45.726446], [15.8157135, 45.7261025], [15.8157354, 45.7258834], [15.816006, 45.7259418], [15.8161638, 45.725879], [15.8164554, 45.7255969], [15.8165619, 45.7254203], [15.8178369, 45.7250379], [15.818506, 45.7250663], [15.818838, 45.7249673], [15.8195998, 45.724584], [15.8198519, 45.7243512], [15.8210375, 45.7240843], [15.8216956, 45.7238246], [15.8223369, 45.7235109], [15.8227229, 45.7233998], [15.823039, 45.7233557], [15.8232654, 45.7232895], [15.8236247, 45.7233019], [15.8238633, 45.7235223], [15.8243822, 45.7236702], [15.8246458, 45.7238077], [15.8251626, 45.7239171], [15.8253565, 45.7239638], [15.8256534, 45.7241228], [15.8259885, 45.7242219], [15.8260556, 45.7242855], [15.8263255, 45.7243608], [15.8265324, 45.7243134], [15.8267491, 45.7243859], [15.8268014, 45.7244508], [15.8269938, 45.7245096], [15.827358, 45.7245368], [15.8277165, 45.7246745], [15.8278483, 45.7247929], [15.8283901, 45.7249178], [15.8288828, 45.7248703], [15.8290054, 45.7247859], [15.8291847, 45.7247063], [15.8293201, 45.7246832], [15.8294897, 45.7246823], [15.8295944, 45.7247709], [15.8296825, 45.7249257], [15.8297443, 45.7252262], [15.8298171, 45.7253213], [15.8300534, 45.7253908], [15.8302261, 45.7255172], [15.8302527, 45.7256681], [15.8302065, 45.7259063], [15.8306147, 45.7264339], [15.8309778, 45.7265594], [15.8313194, 45.7266341], [15.8313468, 45.7268312], [15.8310421, 45.7272028], [15.8306856, 45.7273672], [15.8303134, 45.7274922], [15.8303111, 45.7276331], [15.8304936, 45.7277106], [15.8308911, 45.7277921], [15.8312123, 45.727783], [15.8316485, 45.7274792], [15.8318443, 45.7273595], [15.8320031, 45.7275673], [15.8320156, 45.7278628], [15.8321081, 45.7280691], [15.8318909, 45.7283318], [15.8320286, 45.7284349], [15.8322434, 45.7284385], [15.8325654, 45.7282126], [15.833162, 45.7281425], [15.8334303, 45.7278206], [15.8338023, 45.7278002], [15.8340119, 45.728219], [15.833771, 45.7284383], [15.8337964, 45.7286318], [15.8341181, 45.7287346], [15.8344592, 45.7286481], [15.8346985, 45.7284731], [15.8354355, 45.7284898], [15.8356122, 45.7284064], [15.8356831, 45.7282531], [15.8356143, 45.7276624], [15.8356602, 45.7275643], [15.835819, 45.7274632], [15.8360926, 45.7274117], [15.8364525, 45.7274572], [15.836685, 45.7274459], [15.8368174, 45.7273853], [15.8368937, 45.7273061], [15.8369233, 45.7272181], [15.8372294, 45.7271924], [15.8373513, 45.7271238], [15.8373075, 45.7269668], [15.8369903, 45.7266748], [15.8369006, 45.7264969], [15.8369942, 45.7262618], [15.8372258, 45.7260792], [15.8376239, 45.7258087], [15.8379335, 45.7257291], [15.8383223, 45.7256877], [15.8385153, 45.7255511], [15.8387731, 45.7249511], [15.8386605, 45.7246334], [15.8387766, 45.7243057], [15.8390276, 45.724152], [15.8395385, 45.7241727], [15.8400499, 45.7241823], [15.8404095, 45.7241274], [15.8406403, 45.7239853], [15.8409444, 45.7236984], [15.8416275, 45.7228905], [15.8417503, 45.7229845], [15.8419443, 45.7229867], [15.8421929, 45.7228201], [15.8423358, 45.7228047], [15.8424597, 45.7229218], [15.8426928, 45.7228963], [15.8429178, 45.7229039], [15.8430638, 45.722961], [15.8433497, 45.7229309], [15.8435203, 45.7230092], [15.8439067, 45.7230012], [15.8442813, 45.7229861], [15.8446343, 45.7226918], [15.8445189, 45.7222791], [15.8445482, 45.721948], [15.8448848, 45.7218735], [15.8452697, 45.7219361], [15.8456356, 45.7218777], [15.8457732, 45.7217609], [15.8458368, 45.7216344], [15.8456322, 45.7213676], [15.8456346, 45.7212376], [15.8458802, 45.7210983], [15.8464643, 45.7212008], [15.8467635, 45.7212528], [15.8470595, 45.7211896], [15.8471644, 45.7209974], [15.8466105, 45.720265], [15.8468659, 45.7201374], [15.8476194, 45.7199421], [15.84815, 45.7198155], [15.8483811, 45.7197606], [15.8495148, 45.7192162], [15.850194, 45.7193595], [15.8525853, 45.7176791], [15.8526462, 45.7176215], [15.8530639, 45.7174425], [15.8533882, 45.7174823], [15.853647, 45.717315], [15.8551284, 45.7177065], [15.8557775, 45.7184521], [15.8560816, 45.7185805], [15.8568368, 45.7190874], [15.8571034, 45.7198462], [15.8573997, 45.720045], [15.8579977, 45.7207943], [15.8589916, 45.7215352], [15.8593615, 45.7219076], [15.8596188, 45.7224639], [15.860414, 45.722842], [15.8618395, 45.7238131], [15.8624311, 45.7241402], [15.863551, 45.724414], [15.8637408, 45.7244922], [15.8644414, 45.7251725], [15.8653923, 45.7262153], [15.8658611, 45.7268879], [15.8662615, 45.7273703], [15.8665411, 45.727667], [15.8669037, 45.7280493], [15.8675054, 45.7282138], [15.8690856, 45.7290553], [15.8695906, 45.72917], [15.8698718, 45.7291991], [15.8709206, 45.7305733], [15.871203, 45.7309731], [15.8714385, 45.731189], [15.8703233, 45.7319042], [15.8698371, 45.7319568], [15.8696044, 45.731855], [15.8693284, 45.7313702], [15.8685534, 45.7320035], [15.8668695, 45.7317783], [15.8665862, 45.7318378], [15.8663679, 45.7319376], [15.8661834, 45.7320931], [15.8659241, 45.7325079], [15.8659152, 45.7327357], [15.8662838, 45.7336077], [15.8685355, 45.7345424], [15.8685715, 45.7346107], [15.8688665, 45.7347238], [15.869139, 45.7345906], [15.8693868, 45.7349524], [15.8719965, 45.7360669], [15.8719663, 45.7361044], [15.8720983, 45.7361597], [15.8721355, 45.7361245], [15.8768804, 45.7380974], [15.8766964, 45.7383139], [15.8765358, 45.7383788], [15.8765484, 45.7384168], [15.8767496, 45.7383947], [15.8769744, 45.7382357], [15.8773681, 45.7384126], [15.8772338, 45.7385549], [15.8776957, 45.7387495], [15.8802963, 45.7397912], [15.8806852, 45.7395741], [15.8815273, 45.7391767], [15.8820366, 45.7390304], [15.8823444, 45.7389111], [15.8831485, 45.7384659], [15.8835966, 45.7383223], [15.8838538, 45.7382838], [15.8849914, 45.7380095], [15.8851173, 45.7379553], [15.8862666, 45.7396772], [15.8870645, 45.7405758], [15.8913627, 45.7389705], [15.8923428, 45.7384453], [15.8929736, 45.7381767], [15.8962712, 45.7367954], [15.8962112, 45.7375253], [15.8978316, 45.7373216], [15.8978374, 45.7373646], [15.897551, 45.7378876], [15.8976315, 45.7379138], [15.8978108, 45.7384283], [15.8981578, 45.7385441], [15.8977922, 45.7390773], [15.897869, 45.739113], [15.8973964, 45.7396606], [15.8964713, 45.7407442], [15.8962925, 45.7411229], [15.8958349, 45.7410668], [15.8947833, 45.7411054], [15.8947393, 45.7413796], [15.8946504, 45.7417775], [15.8946185, 45.7422123], [15.8946421, 45.7423879], [15.8946941, 45.7426227], [15.89479, 45.742975], [15.8952378, 45.7430852], [15.8955515, 45.7432321], [15.8959397, 45.7433624], [15.8963843, 45.7434557], [15.8964682, 45.7436049], [15.8963762, 45.7437457], [15.8971631, 45.7440551], [15.8977069, 45.7436329], [15.8979048, 45.7437659], [15.8980526, 45.7440426], [15.8993402, 45.7433094], [15.89942, 45.7433185], [15.9004183, 45.7445991], [15.9002599, 45.7446697], [15.9003681, 45.7448247], [15.9007212, 45.7447147], [15.9008556, 45.7449156], [15.9012442, 45.7455676], [15.9014184, 45.745509], [15.9015521, 45.7458092], [15.901587, 45.7460706], [15.9016427, 45.7465749], [15.901661, 45.7466809], [15.9017523, 45.7468977], [15.9022022, 45.747734], [15.902418, 45.7476746], [15.9031697, 45.7486901], [15.9030456, 45.748719], [15.9039691, 45.74911], [15.9042612, 45.7492396], [15.9050432, 45.7493948], [15.9055433, 45.7492728], [15.9055133, 45.7494504], [15.9060633, 45.749692], [15.9058434, 45.7499554], [15.905998, 45.750516], [15.907128, 45.7508716], [15.9078475, 45.7512096], [15.9077819, 45.7512719], [15.9079887, 45.7512853], [15.9090689, 45.7517176], [15.9096497, 45.7514002], [15.9122849, 45.7503301], [15.9127117, 45.750153], [15.9131458, 45.7500228], [15.9159052, 45.7491664], [15.9164839, 45.7489882], [15.9172707, 45.7488648], [15.9195824, 45.7459965], [15.9201104, 45.7453658], [15.9214348, 45.7437306], [15.9238637, 45.7407425], [15.9253976, 45.7388419], [15.929037, 45.7344176], [15.9296854, 45.7337035]]]}}, {"type": "Feature", "properties": {"name": "Donja Dubrava", "osmId": 3173945, "population": 33537}, "geometry": {"type": "Polygon", "coordinates": [[[16.1005017, 45.8063458], [16.1009234, 45.8091223], [16.1010673, 45.8097855], [16.1010931, 45.8100041], [16.101089, 45.8100661], [16.1010158, 45.8103098], [16.1011496, 45.8103247], [16.1013992, 45.8120783], [16.1014286, 45.8122265], [16.1014971, 45.8125712], [16.1014438, 45.812683], [16.1013855, 45.8127285], [16.1015164, 45.8128414], [16.1015677, 45.8130206], [16.1015747, 45.8132953], [16.1015619, 45.81343], [16.1013235, 45.8134288], [16.1013184, 45.8135845], [16.1012996, 45.8136492], [16.1012601, 45.8136929], [16.1011387, 45.8137834], [16.1010281, 45.8138456], [16.1009378, 45.8139044], [16.1008074, 45.8140287], [16.1007561, 45.8141297], [16.1007242, 45.8142196], [16.100685, 45.8145725], [16.1006942, 45.8146965], [16.1006907, 45.8147444], [16.1006412, 45.8147875], [16.1006042, 45.8148329], [16.1005285, 45.8149433], [16.100518, 45.8150048], [16.1005188, 45.8150735], [16.1005547, 45.8151519], [16.0988472, 45.814902], [16.0990125, 45.8144038], [16.0986978, 45.8142848], [16.097412, 45.8146741], [16.0974923, 45.8148887], [16.0975867, 45.8164459], [16.0978472, 45.8166713], [16.0978708, 45.8167562], [16.0982032, 45.8168936], [16.0983494, 45.8170978], [16.0979671, 45.8171977], [16.0976083, 45.8172988], [16.0973342, 45.8173676], [16.0970278, 45.8174265], [16.096757, 45.8174734], [16.0964731, 45.8175423], [16.0962471, 45.8176287], [16.0959917, 45.817774], [16.0957745, 45.8179131], [16.0955179, 45.8181232], [16.0950028, 45.8186198], [16.0944267, 45.8191004], [16.0929902, 45.8200491], [16.0925514, 45.8203378], [16.0922674, 45.8204972], [16.0916296, 45.8208357], [16.0911743, 45.8211133], [16.0911163, 45.8211725], [16.0906319, 45.8215481], [16.0901936, 45.8219311], [16.0898667, 45.8222201], [16.0896663, 45.8224031], [16.0894391, 45.8225984], [16.089225, 45.8227396], [16.08918, 45.8228078], [16.0891542, 45.82288], [16.0891324, 45.8230828], [16.0889591, 45.8234235], [16.0888564, 45.8235567], [16.0886131, 45.8237528], [16.0884036, 45.8239468], [16.0879128, 45.8243038], [16.0878114, 45.8243752], [16.0875807, 45.8244828], [16.0874677, 45.8245595], [16.0874254, 45.8245924], [16.0873978, 45.8246545], [16.0874224, 45.8246605], [16.0873103, 45.8249287], [16.0873189, 45.8249501], [16.0874079, 45.8249678], [16.0874188, 45.8250669], [16.0874653, 45.8251108], [16.0874726, 45.8251696], [16.0874368, 45.8251969], [16.0871997, 45.8254422], [16.0871747, 45.8255107], [16.0870544, 45.8256105], [16.0870055, 45.825692], [16.0869972, 45.8259092], [16.0869644, 45.82595], [16.0869974, 45.8260939], [16.0868769, 45.8261042], [16.086778, 45.82612], [16.0865831, 45.8261564], [16.0863295, 45.8262167], [16.0861838, 45.8262515], [16.0855708, 45.8263949], [16.0851289, 45.8264818], [16.0849447, 45.826514], [16.084655, 45.8265568], [16.0838237, 45.8266819], [16.0832139, 45.8267657], [16.083053, 45.8267819], [16.0826951, 45.8268264], [16.0811816, 45.8270039], [16.0811837, 45.8270299], [16.0808598, 45.8270729], [16.0808631, 45.8270973], [16.0800858, 45.8271863], [16.0800928, 45.827221], [16.0798929, 45.8272456], [16.0798421, 45.8272227], [16.0798203, 45.8272162], [16.0797873, 45.8272117], [16.0797533, 45.8272134], [16.0788424, 45.8273505], [16.0788183, 45.827358], [16.0788043, 45.8273678], [16.0787938, 45.8273775], [16.076652, 45.8278625], [16.0764282, 45.8278999], [16.076452, 45.8277747], [16.0763862, 45.8277646], [16.07634, 45.8276721], [16.076174, 45.8277001], [16.075983, 45.8277116], [16.0759745, 45.8276953], [16.0756483, 45.827751], [16.0754357, 45.8277713], [16.0739736, 45.8279499], [16.0739726, 45.8279698], [16.0739596, 45.8279902], [16.0739367, 45.8280055], [16.0739002, 45.8280181], [16.0699355, 45.828504], [16.0697115, 45.8285039], [16.0693771, 45.8285434], [16.0692307, 45.8285744], [16.0691312, 45.8286017], [16.0686277, 45.8286252], [16.0676734, 45.8286836], [16.0656377, 45.828619], [16.0652377, 45.8286184], [16.0642872, 45.828627], [16.0639045, 45.8286443], [16.0636522, 45.8286227], [16.0632819, 45.8286504], [16.0630417, 45.8287121], [16.0627218, 45.8287456], [16.0625097, 45.8287725], [16.0625134, 45.8287895], [16.0618562, 45.8288851], [16.0616993, 45.8289036], [16.0596906, 45.829267], [16.0587476, 45.8294257], [16.0585231, 45.8294786], [16.0584559, 45.829493], [16.0583779, 45.8295073], [16.0580591, 45.8295501], [16.0577857, 45.8295679], [16.0577842, 45.8296002], [16.0576082, 45.8296072], [16.0576073, 45.8295922], [16.0572126, 45.8295749], [16.0564633, 45.8295187], [16.0564601, 45.8295337], [16.05604, 45.8295157], [16.0555749, 45.829455], [16.0548651, 45.8293391], [16.0540261, 45.8291508], [16.0534529, 45.8290222], [16.0530616, 45.8289315], [16.0526589, 45.8288183], [16.0520853, 45.8286571], [16.0508718, 45.8282582], [16.0500237, 45.8279805], [16.0498312, 45.8279101], [16.0489333, 45.8276187], [16.0489117, 45.8275993], [16.0485311, 45.8274508], [16.0484369, 45.8274525], [16.0473069, 45.8270834], [16.0459551, 45.8266087], [16.0453776, 45.8264059], [16.045386, 45.8263929], [16.0446274, 45.8261106], [16.0444955, 45.8260762], [16.044496, 45.8260535], [16.0432983, 45.8256432], [16.0427006, 45.8254654], [16.0422254, 45.8253396], [16.0410173, 45.8250268], [16.0409138, 45.8250129], [16.040496, 45.8248981], [16.0404183, 45.8248884], [16.0391332, 45.8245418], [16.039178, 45.8244682], [16.0386091, 45.8243407], [16.0387053, 45.8241377], [16.0381688, 45.8240162], [16.0381226, 45.8241134], [16.0377935, 45.8242709], [16.0365307, 45.8239929], [16.0365208, 45.8239367], [16.0364803, 45.8238672], [16.0366568, 45.8232661], [16.0366942, 45.8232247], [16.0367688, 45.8232172], [16.0368793, 45.8232462], [16.0369195, 45.8231157], [16.036758, 45.8230862], [16.0367955, 45.8229155], [16.0367654, 45.8228326], [16.0371296, 45.8216968], [16.0373146, 45.8211528], [16.0374258, 45.8211731], [16.037475, 45.8210375], [16.0374202, 45.821028], [16.037477, 45.8208604], [16.0373529, 45.8208358], [16.0379227, 45.8190773], [16.0379595, 45.8190838], [16.0380424, 45.8188306], [16.0381707, 45.8188528], [16.0382144, 45.8187404], [16.0380373, 45.8186952], [16.0381826, 45.8182839], [16.0384067, 45.8178079], [16.0385799, 45.8172938], [16.0387574, 45.8167581], [16.0420651, 45.8173661], [16.0457702, 45.8179758], [16.0458169, 45.8179576], [16.0459263, 45.8179149], [16.0461626, 45.8171174], [16.046229, 45.8169533], [16.0463706, 45.8169058], [16.0465623, 45.8169056], [16.0466168, 45.8169397], [16.0467834, 45.816956], [16.0468758, 45.8169369], [16.0470343, 45.8169594], [16.0472827, 45.8169048], [16.0476102, 45.8167923], [16.0476793, 45.8166562], [16.0478179, 45.8166491], [16.0479395, 45.8164837], [16.0479527, 45.8163539], [16.0478618, 45.8162798], [16.0478707, 45.8160981], [16.0479827, 45.8159843], [16.0482503, 45.8158506], [16.0484038, 45.8156813], [16.0484385, 45.8155942], [16.0483924, 45.815419], [16.0483639, 45.8151496], [16.0482226, 45.8150726], [16.0481719, 45.8149388], [16.0481812, 45.8148414], [16.048503, 45.8144843], [16.0485757, 45.8138914], [16.0485848, 45.8135964], [16.0486379, 45.8133444], [16.0487292, 45.8131915], [16.0487371, 45.8127995], [16.0486742, 45.8127468], [16.0487148, 45.8124479], [16.0490309, 45.8122426], [16.0490883, 45.8122066], [16.0491617, 45.8120648], [16.0492262, 45.8120466], [16.0492563, 45.8120149], [16.0492547, 45.811509], [16.0491025, 45.8112382], [16.0490863, 45.8111389], [16.0492864, 45.8108653], [16.0493956, 45.8107729], [16.0495429, 45.8105607], [16.0495784, 45.8103936], [16.0496127, 45.8103286], [16.0497086, 45.8102916], [16.0498122, 45.8100995], [16.0499563, 45.809993], [16.0499129, 45.8098924], [16.0500141, 45.8095924], [16.0501277, 45.8093855], [16.0500545, 45.80924], [16.0500685, 45.8090843], [16.0500292, 45.8087945], [16.049958, 45.8087486], [16.0498482, 45.8084377], [16.0497518, 45.8082743], [16.0498378, 45.8081518], [16.0497339, 45.8080097], [16.0497524, 45.8079474], [16.0495781, 45.8075768], [16.049505, 45.8073097], [16.0495018, 45.806872], [16.0495362, 45.8066901], [16.049541, 45.806584], [16.0495338, 45.8065157], [16.0495223, 45.8064603], [16.0494996, 45.8064043], [16.049445, 45.8063412], [16.0490492, 45.806077], [16.0488867, 45.8059091], [16.0487017, 45.8056417], [16.0485535, 45.8054217], [16.048471, 45.805236], [16.0484506, 45.8051369], [16.0483501, 45.8048233], [16.0482335, 45.8040931], [16.0481894, 45.8039205], [16.0481547, 45.803881], [16.047814, 45.8036326], [16.0476194, 45.8034779], [16.0475208, 45.8033665], [16.0475025, 45.803047], [16.0474786, 45.8028732], [16.0468919, 45.8010026], [16.0467133, 45.8004951], [16.046675, 45.8003247], [16.0466958, 45.8000857], [16.0466048, 45.799837], [16.0474713, 45.8000115], [16.0482922, 45.8001606], [16.0494259, 45.8003598], [16.0519877, 45.8007762], [16.0540008, 45.8010705], [16.0568559, 45.8014634], [16.0602028, 45.8019018], [16.0625217, 45.802202], [16.0633665, 45.8023114], [16.0656094, 45.8026181], [16.0697004, 45.8031667], [16.0700422, 45.8032017], [16.0729528, 45.803568], [16.0744585, 45.8037761], [16.0777621, 45.804211], [16.0829933, 45.8049029], [16.0860965, 45.8053157], [16.0867726, 45.8053935], [16.0904295, 45.8058717], [16.0916926, 45.8060304], [16.0928065, 45.8061504], [16.0935193, 45.8062166], [16.0946129, 45.8062926], [16.0961546, 45.8063776], [16.0973277, 45.8063963], [16.0986164, 45.8063925], [16.099563, 45.8063747], [16.1005017, 45.8063458]]]}}, {"type": "Feature", "properties": {"name": "Donji grad", "osmId": 3173898, "population": 31209}, "geometry": {"type": "Polygon", "coordinates": [[[15.9698268, 45.8132336], [15.970471, 45.8132032], [15.9706824, 45.8131908], [15.9718687, 45.8131386], [15.9719043, 45.8131302], [15.9721195, 45.8131288], [15.9731192, 45.8131019], [15.9738604, 45.8130319], [15.974364, 45.8130119], [15.97461, 45.8129942], [15.9753462, 45.8129895], [15.9753728, 45.8129695], [15.9758529, 45.8129646], [15.9760131, 45.8129518], [15.9763284, 45.8129049], [15.9765475, 45.8128123], [15.9768864, 45.8127547], [15.9779976, 45.8125704], [15.978732, 45.8123922], [15.9788309, 45.8123418], [15.9792079, 45.8123446], [15.9792533, 45.8123528], [15.9815701, 45.8122124], [15.983398, 45.8121054], [15.9832538, 45.813909], [15.9831375, 45.8140476], [15.9834613, 45.8140593], [15.9834862, 45.8140336], [15.9838418, 45.8139264], [15.9838273, 45.8138996], [15.9840201, 45.8138464], [15.9842036, 45.8138051], [15.9845118, 45.8137865], [15.9851188, 45.8138089], [15.9862831, 45.8138193], [15.9872194, 45.8138524], [15.9907486, 45.8140125], [15.9909652, 45.8140171], [15.9932433, 45.8140492], [15.9936862, 45.8141088], [15.9943086, 45.8142588], [15.9957017, 45.8146584], [15.9961866, 45.8148351], [15.9964961, 45.814367], [15.9965075, 45.8143489], [15.9965077, 45.8143327], [15.9965015, 45.8143176], [15.9964234, 45.8142045], [15.9967271, 45.8140813], [15.9967936, 45.8141137], [15.9968517, 45.8141341], [15.9972457, 45.8142509], [15.9977306, 45.8138241], [15.9984561, 45.8131883], [15.999343, 45.8123911], [15.999946, 45.8118609], [15.99995, 45.8118498], [15.9999504, 45.8118425], [15.9999464, 45.8118356], [15.9999393, 45.8118295], [16.0001886, 45.8116195], [16.0002233, 45.811608], [16.00026, 45.8115883], [16.0032695, 45.8088998], [16.0034129, 45.8087656], [15.9945538, 45.8062756], [15.9935458, 45.8056578], [15.9932524, 45.8057136], [15.9931808, 45.8057141], [15.9926725, 45.8057177], [15.9926097, 45.805718], [15.9925392, 45.8057112], [15.9924211, 45.8057021], [15.9923292, 45.8056879], [15.9915959, 45.8055099], [15.9915239, 45.8055382], [15.9913416, 45.8054997], [15.9911785, 45.8054029], [15.9899424, 45.8050873], [15.9894834, 45.8049906], [15.9893733, 45.8049699], [15.9892571, 45.804974], [15.9889173, 45.8049411], [15.988618, 45.8049205], [15.9877462, 45.8048773], [15.9873047, 45.8048556], [15.9870092, 45.8048196], [15.9862604, 45.8047151], [15.9855562, 45.8045944], [15.985115, 45.8045155], [15.9845399, 45.8044172], [15.9839765, 45.8043259], [15.9836361, 45.8042686], [15.9836404, 45.8042359], [15.9842224, 45.8042735], [15.9847258, 45.8042934], [15.9852204, 45.8042761], [15.9858652, 45.80427], [15.9858666, 45.8042378], [15.9852116, 45.804204], [15.9843423, 45.8041545], [15.9835507, 45.8041078], [15.9835179, 45.8041059], [15.9825694, 45.804056], [15.9825835, 45.8038443], [15.983248, 45.8038904], [15.9840642, 45.8039374], [15.98407, 45.8038299], [15.9842177, 45.803837], [15.9842274, 45.8036633], [15.983015, 45.8036], [15.9826148, 45.8035797], [15.9823073, 45.803578], [15.9819089, 45.8036094], [15.9812206, 45.8036737], [15.9803234, 45.8041479], [15.9786877, 45.8041101], [15.9786656, 45.80411], [15.9774417, 45.8041033], [15.976619, 45.8041003], [15.9759347, 45.8040971], [15.9753361, 45.8041142], [15.9745635, 45.8040987], [15.9744133, 45.8040946], [15.9740743, 45.8040822], [15.9738192, 45.8040729], [15.9725713, 45.804008], [15.9717766, 45.803879], [15.970391, 45.8035849], [15.9695868, 45.8034352], [15.9685618, 45.8032474], [15.9675798, 45.8030565], [15.9666061, 45.8028646], [15.9659082, 45.8027165], [15.9646432, 45.8024212], [15.9643059, 45.8023179], [15.9644009, 45.8024565], [15.9648616, 45.8031286], [15.9652146, 45.8036451], [15.9654056, 45.8039246], [15.9657449, 45.8044209], [15.9659151, 45.8046699], [15.965938, 45.8047026], [15.9660106, 45.8048065], [15.9657609, 45.8049053], [15.9655665, 45.804999], [15.9651104, 45.8052684], [15.9647959, 45.805481], [15.9638356, 45.8061621], [15.9627961, 45.8069118], [15.9626945, 45.8069827], [15.9621264, 45.8073787], [15.961842, 45.807573], [15.9616838, 45.807681], [15.9615594, 45.807766], [15.9615214, 45.807792], [15.9610797, 45.808033], [15.9603115, 45.8083559], [15.9595553, 45.808622], [15.9590751, 45.8087592], [15.9585638, 45.808873], [15.9581029, 45.808945], [15.9577884, 45.8089767], [15.9573251, 45.8090002], [15.9569315, 45.8090173], [15.9569344, 45.8090563], [15.9569425, 45.809154], [15.9569477, 45.8092079], [15.9571621, 45.8092127], [15.9571917, 45.809456], [15.9572101, 45.8096106], [15.9572567, 45.8100559], [15.9573274, 45.810684], [15.9573887, 45.8112672], [15.9574189, 45.8115415], [15.9574518, 45.8118794], [15.9575548, 45.81276], [15.9575863, 45.8130664], [15.9575954, 45.8130791], [15.9576102, 45.8130894], [15.9576275, 45.813094], [15.9576799, 45.813226], [15.9586558, 45.8131817], [15.9588395, 45.8131925], [15.9588588, 45.8131719], [15.9592366, 45.8131299], [15.9598021, 45.8130492], [15.9621563, 45.8125528], [15.9631635, 45.81236], [15.9634646, 45.8123309], [15.9637244, 45.8123422], [15.9638652, 45.8123656], [15.9640304, 45.8123987], [15.9644311, 45.8125031], [15.9646008, 45.8125479], [15.9655016, 45.8127826], [15.9661137, 45.8129402], [15.9667898, 45.8130818], [15.9668313, 45.8129892], [15.9673361, 45.8130759], [15.9679617, 45.8131497], [15.9686021, 45.8131902], [15.9695246, 45.8132153], [15.9698268, 45.8132336]]]}}, {"type": "Feature", "properties": {"name": "Gornja Dubrava", "osmId": 3178488, "population": 58255}, "geometry": {"type": "Polygon", "coordinates": [[[16.0518094, 45.9374428], [16.0514277, 45.9370268], [16.0508766, 45.9366589], [16.0504342, 45.9365839], [16.0493417, 45.9367687], [16.0489809, 45.9367991], [16.0487077, 45.9369348], [16.048642, 45.9371185], [16.0480465, 45.9375338], [16.0476553, 45.9377152], [16.0474263, 45.9376733], [16.0473133, 45.9371462], [16.0473685, 45.9367506], [16.04766, 45.9363937], [16.0473282, 45.9359568], [16.0472176, 45.9359279], [16.0470376, 45.9359522], [16.046916, 45.9359209], [16.0464434, 45.9353243], [16.0460067, 45.9346103], [16.0460198, 45.9344687], [16.0463511, 45.9341823], [16.0467694, 45.9335953], [16.0467671, 45.9325212], [16.0467274, 45.9320279], [16.0468877, 45.931502], [16.0478237, 45.9298959], [16.0481022, 45.9295966], [16.0485208, 45.9292981], [16.0490513, 45.9291677], [16.0493282, 45.9289521], [16.0496321, 45.9288259], [16.0501094, 45.928744], [16.0503581, 45.9286205], [16.0508271, 45.9281847], [16.0509985, 45.9276482], [16.0512347, 45.9272203], [16.0513143, 45.9269656], [16.0512696, 45.9268069], [16.0511292, 45.9266467], [16.0504247, 45.9259685], [16.0502786, 45.9255871], [16.0500863, 45.925208], [16.0502045, 45.9246963], [16.0501339, 45.9238114], [16.0499508, 45.9233209], [16.049984, 45.9229271], [16.0501764, 45.9221887], [16.0502275, 45.9218773], [16.0493438, 45.9213973], [16.049088, 45.921104], [16.0489939, 45.9208954], [16.0489402, 45.9204091], [16.0488442, 45.9191495], [16.0488778, 45.9184907], [16.0490636, 45.9181711], [16.0493889, 45.917625], [16.0493074, 45.917366], [16.0492278, 45.9171946], [16.0492957, 45.9169535], [16.0495651, 45.9165581], [16.0495579, 45.9164007], [16.0497541, 45.9158064], [16.0495451, 45.9154941], [16.0500138, 45.9147502], [16.0494689, 45.9144135], [16.0493965, 45.9144229], [16.0493528, 45.9141673], [16.0495458, 45.91306], [16.0493848, 45.9130569], [16.0493921, 45.9126841], [16.0493402, 45.9125418], [16.0491616, 45.9122948], [16.0487225, 45.9117175], [16.0483022, 45.9114927], [16.0479932, 45.9112184], [16.0478315, 45.9109791], [16.0473687, 45.910234], [16.0471401, 45.9097766], [16.0470348, 45.9095057], [16.0468574, 45.9092912], [16.0466476, 45.9091505], [16.0464079, 45.9090729], [16.0462242, 45.9090672], [16.0460041, 45.909023], [16.0457878, 45.9089503], [16.0455773, 45.9088242], [16.0454459, 45.9087141], [16.0451966, 45.9083373], [16.0449086, 45.9081621], [16.0446521, 45.9078321], [16.043977, 45.9072579], [16.0436966, 45.9070624], [16.0431746, 45.9067626], [16.0431522, 45.9066501], [16.0429757, 45.9063605], [16.0429709, 45.9058558], [16.0429709, 45.9056261], [16.0429833, 45.9054636], [16.0430133, 45.9053299], [16.0432901, 45.9047828], [16.043358, 45.9045937], [16.0433445, 45.904405], [16.0431949, 45.9040646], [16.0430327, 45.90377], [16.042499, 45.9032116], [16.0421377, 45.9029475], [16.041677, 45.9024461], [16.0415865, 45.9022893], [16.0415735, 45.9018499], [16.0415503, 45.9015581], [16.0416235, 45.9014479], [16.0418892, 45.901224], [16.0423102, 45.9008929], [16.0424844, 45.9007071], [16.042902, 45.900025], [16.0429716, 45.8997716], [16.0429542, 45.8996921], [16.0428766, 45.8995767], [16.0424786, 45.8991485], [16.042618, 45.898361], [16.0427166, 45.897954], [16.0425853, 45.8974739], [16.0427582, 45.8967908], [16.0426532, 45.8964832], [16.0424473, 45.8960621], [16.0425463, 45.8956499], [16.0425736, 45.895463], [16.0425343, 45.8951791], [16.0426163, 45.8946717], [16.042479, 45.8945376], [16.0420378, 45.8943867], [16.0416385, 45.8941058], [16.0411253, 45.8936752], [16.0410211, 45.8935528], [16.0410128, 45.8934578], [16.0403269, 45.8934697], [16.0402411, 45.8933756], [16.0399104, 45.8933184], [16.039246, 45.893005], [16.03937, 45.8927671], [16.0382601, 45.8923907], [16.0384507, 45.892107], [16.0390033, 45.8919971], [16.0391711, 45.8918262], [16.0387091, 45.8916952], [16.0386974, 45.8908319], [16.0385816, 45.8906408], [16.03874, 45.890582], [16.0390341, 45.8905524], [16.0397625, 45.8903659], [16.0399903, 45.8902317], [16.0404883, 45.890316], [16.0409192, 45.8902481], [16.0413672, 45.8901747], [16.0412776, 45.8898823], [16.0414665, 45.8897606], [16.0417278, 45.889482], [16.0416995, 45.8890621], [16.0413556, 45.888446], [16.0413154, 45.8882975], [16.041026, 45.8882281], [16.0407319, 45.8880806], [16.0405453, 45.888308], [16.04, 45.8880705], [16.0398756, 45.8882525], [16.0396291, 45.8881603], [16.0393801, 45.8881179], [16.0391929, 45.8881119], [16.0392102, 45.888052], [16.0387608, 45.8880925], [16.0385847, 45.8880624], [16.0385042, 45.8880789], [16.0386634, 45.8875732], [16.0383412, 45.8875258], [16.0381568, 45.8875252], [16.0381324, 45.8875828], [16.0378335, 45.8875209], [16.0378697, 45.8873503], [16.0372705, 45.8874386], [16.0373635, 45.8870481], [16.0374167, 45.8867822], [16.0374911, 45.8866576], [16.0376163, 45.8861273], [16.0384736, 45.8856243], [16.0385185, 45.8853788], [16.0389221, 45.8853439], [16.0388526, 45.8848348], [16.0391087, 45.8847321], [16.038282, 45.8840445], [16.0385519, 45.884017], [16.0388951, 45.883823], [16.0389791, 45.8837463], [16.0388016, 45.8836051], [16.038515, 45.8835076], [16.0382958, 45.8835], [16.0381427, 45.8835185], [16.038098, 45.8835611], [16.0380649, 45.8836154], [16.0375831, 45.8836677], [16.0369666, 45.8836976], [16.0365861, 45.8836845], [16.0359552, 45.8835819], [16.035721, 45.8833965], [16.0354827, 45.8830544], [16.0353538, 45.8829256], [16.035219, 45.8824132], [16.0351786, 45.8822326], [16.0351984, 45.8821036], [16.0352622, 45.8818989], [16.0352984, 45.8817884], [16.0353003, 45.8816128], [16.0351668, 45.8813003], [16.0349577, 45.8809573], [16.0347163, 45.8806409], [16.0345678, 45.8803168], [16.0343891, 45.8796998], [16.0343731, 45.8795042], [16.0325359, 45.8795348], [16.0325474, 45.8793045], [16.0326383, 45.8791353], [16.032732, 45.8790445], [16.0329403, 45.8788945], [16.0330736, 45.8787132], [16.0330618, 45.8786471], [16.0332008, 45.8783214], [16.0331697, 45.8781709], [16.032645, 45.8777571], [16.0328077, 45.8774199], [16.0328039, 45.8771203], [16.0329864, 45.8768966], [16.0330209, 45.8767129], [16.0331904, 45.8767154], [16.0333376, 45.8767564], [16.0335229, 45.876731], [16.0336099, 45.8766814], [16.0335467, 45.8765762], [16.0334019, 45.8764928], [16.033282, 45.8763071], [16.0333319, 45.8762386], [16.0334716, 45.8762443], [16.0335221, 45.8761295], [16.0334934, 45.8759949], [16.0333457, 45.8759995], [16.0332365, 45.8748786], [16.0326512, 45.8747535], [16.0323306, 45.8745002], [16.0311391, 45.8746132], [16.0302335, 45.8746588], [16.0302351, 45.8747278], [16.0297025, 45.8747494], [16.028974, 45.8746998], [16.028377, 45.8746039], [16.0284386, 45.874678], [16.0266735, 45.8744228], [16.0266914, 45.8743436], [16.0257384, 45.8735203], [16.0254184, 45.8733959], [16.0253296, 45.8736303], [16.0225542, 45.8730161], [16.0224528, 45.8728056], [16.022774, 45.8721026], [16.0228971, 45.8719348], [16.0229821, 45.8718368], [16.0230937, 45.8717424], [16.0234024, 45.8715614], [16.0241041, 45.8707627], [16.0252002, 45.8703753], [16.0255467, 45.8701218], [16.0257162, 45.8699552], [16.0259597, 45.8698185], [16.0263608, 45.8692421], [16.0268188, 45.868528], [16.0268858, 45.8681853], [16.0270038, 45.8680483], [16.0271136, 45.8679693], [16.0270195, 45.867192], [16.0267813, 45.8666606], [16.0262302, 45.8662151], [16.0261864, 45.8660076], [16.026219, 45.8658828], [16.0259437, 45.8656334], [16.025715, 45.8654293], [16.0258171, 45.8651948], [16.0258356, 45.8648456], [16.0256918, 45.8646329], [16.0257183, 45.8645921], [16.0258816, 45.8645133], [16.0258062, 45.8644212], [16.0258378, 45.8640523], [16.0258404, 45.8638471], [16.0261761, 45.8635295], [16.0261949, 45.8631666], [16.0257118, 45.8620788], [16.0257485, 45.8618995], [16.0256877, 45.8617729], [16.0255443, 45.8617305], [16.0254115, 45.8615533], [16.0251545, 45.8613162], [16.025015, 45.8607546], [16.024873, 45.8606574], [16.0246184, 45.860655], [16.0246193, 45.8604887], [16.0241932, 45.8602619], [16.0241809, 45.8601687], [16.0243443, 45.8598184], [16.0245322, 45.8596241], [16.0247106, 45.8591739], [16.0246571, 45.8590806], [16.0249385, 45.8586626], [16.0249788, 45.8584939], [16.0251214, 45.8582763], [16.0253732, 45.8578877], [16.0255664, 45.8576326], [16.0258672, 45.8573778], [16.0258626, 45.857216], [16.0259885, 45.8569604], [16.0258597, 45.8568841], [16.025835, 45.8568168], [16.0258598, 45.8567588], [16.0260275, 45.8566571], [16.0261818, 45.8565363], [16.026274, 45.85652], [16.026295, 45.8564945], [16.0262809, 45.8564696], [16.0262505, 45.8564539], [16.0262026, 45.8564357], [16.0261298, 45.8564205], [16.0260676, 45.8563968], [16.0259732, 45.8561462], [16.0259859, 45.8560746], [16.0261475, 45.8559196], [16.0260132, 45.855827], [16.0259233, 45.8556632], [16.0259104, 45.8554753], [16.0258944, 45.8553682], [16.0257303, 45.8550498], [16.0256886, 45.8549254], [16.0257056, 45.8548294], [16.0259305, 45.854448], [16.0260769, 45.8542965], [16.0261539, 45.8542088], [16.0262345, 45.8539821], [16.0262897, 45.8538838], [16.0267808, 45.8534274], [16.026891, 45.8532766], [16.0269559, 45.8531557], [16.0272795, 45.852264], [16.0274706, 45.8518675], [16.0277629, 45.8513372], [16.0279899, 45.8511193], [16.0281772, 45.8509093], [16.0284463, 45.8505925], [16.0285934, 45.8503092], [16.0287093, 45.8502129], [16.0288025, 45.8500849], [16.0290757, 45.8499768], [16.0290678, 45.8498391], [16.0291883, 45.8495675], [16.0293928, 45.8492452], [16.0295361, 45.8490166], [16.0297859, 45.8486291], [16.0297087, 45.8481411], [16.029639, 45.8474254], [16.0294208, 45.8471798], [16.0291984, 45.8469477], [16.0291114, 45.8468003], [16.0290798, 45.8464603], [16.0290453, 45.8461464], [16.0290162, 45.8459705], [16.0290676, 45.8457203], [16.0290819, 45.8455871], [16.0290897, 45.8454712], [16.0291046, 45.8454219], [16.0291894, 45.8453831], [16.0287427, 45.8453046], [16.0286371, 45.8453658], [16.0284259, 45.8453149], [16.0287322, 45.8447503], [16.0288352, 45.8445213], [16.0288645, 45.8443206], [16.0288535, 45.8439889], [16.0287917, 45.8435074], [16.0287758, 45.8434146], [16.0286891, 45.8429228], [16.0285896, 45.8424231], [16.0284737, 45.8419415], [16.0284597, 45.841804], [16.0284624, 45.8416571], [16.0284826, 45.8415683], [16.0285967, 45.8413515], [16.0287541, 45.8410901], [16.028632, 45.841078], [16.0288668, 45.8406733], [16.0289112, 45.8405102], [16.0289067, 45.8403525], [16.0295381, 45.8401066], [16.0299538, 45.8399139], [16.0304065, 45.8396797], [16.0308604, 45.839369], [16.0314934, 45.8388271], [16.0317511, 45.8385875], [16.0319776, 45.8383044], [16.0321608, 45.838025], [16.0322976, 45.8377655], [16.0324288, 45.8374248], [16.0325217, 45.8371551], [16.0325739, 45.8369423], [16.0326078, 45.8367029], [16.0326544, 45.8362966], [16.0326981, 45.8357852], [16.0328295, 45.8341997], [16.0329101, 45.8335328], [16.0329931, 45.8331384], [16.0331635, 45.8324336], [16.03335, 45.8318564], [16.0335737, 45.831254], [16.0337567, 45.8308045], [16.0340266, 45.8301591], [16.0343761, 45.8292963], [16.0345841, 45.828713], [16.0348137, 45.8279983], [16.0349101, 45.8276176], [16.0350092, 45.8272112], [16.0350819, 45.8268066], [16.0351512, 45.8263632], [16.0352437, 45.8258828], [16.0353335, 45.8254963], [16.0353826, 45.8245676], [16.0353942, 45.823957], [16.0354783, 45.8237656], [16.0365307, 45.8239929], [16.0377935, 45.8242709], [16.0381226, 45.8241134], [16.0381688, 45.8240162], [16.0387053, 45.8241377], [16.0386091, 45.8243407], [16.039178, 45.8244682], [16.0391332, 45.8245418], [16.0404183, 45.8248884], [16.040496, 45.8248981], [16.0409138, 45.8250129], [16.0410173, 45.8250268], [16.0422254, 45.8253396], [16.0427006, 45.8254654], [16.0432983, 45.8256432], [16.044496, 45.8260535], [16.0444955, 45.8260762], [16.0446274, 45.8261106], [16.045386, 45.8263929], [16.0453776, 45.8264059], [16.0459551, 45.8266087], [16.0473069, 45.8270834], [16.0484369, 45.8274525], [16.0485311, 45.8274508], [16.0489117, 45.8275993], [16.0489333, 45.8276187], [16.0498312, 45.8279101], [16.0500237, 45.8279805], [16.0508718, 45.8282582], [16.0520853, 45.8286571], [16.0526589, 45.8288183], [16.0530616, 45.8289315], [16.0534529, 45.8290222], [16.0540261, 45.8291508], [16.0548651, 45.8293391], [16.0555749, 45.829455], [16.05604, 45.8295157], [16.0564601, 45.8295337], [16.0564633, 45.8295187], [16.0572126, 45.8295749], [16.0576073, 45.8295922], [16.0576082, 45.8296072], [16.0577842, 45.8296002], [16.0577857, 45.8295679], [16.0580591, 45.8295501], [16.0583779, 45.8295073], [16.0584559, 45.829493], [16.0585231, 45.8294786], [16.0587476, 45.8294257], [16.0596906, 45.829267], [16.0616993, 45.8289036], [16.0618562, 45.8288851], [16.0625134, 45.8287895], [16.0625097, 45.8287725], [16.0627218, 45.8287456], [16.0630417, 45.8287121], [16.0632819, 45.8286504], [16.0636522, 45.8286227], [16.0639045, 45.8286443], [16.0642872, 45.828627], [16.0652377, 45.8286184], [16.0656377, 45.828619], [16.0676734, 45.8286836], [16.0686277, 45.8286252], [16.0691312, 45.8286017], [16.0692307, 45.8285744], [16.0693771, 45.8285434], [16.0697115, 45.8285039], [16.0699355, 45.828504], [16.0739002, 45.8280181], [16.0739367, 45.8280055], [16.0739596, 45.8279902], [16.0739726, 45.8279698], [16.0739736, 45.8279499], [16.0754357, 45.8277713], [16.0756483, 45.827751], [16.0759745, 45.8276953], [16.075983, 45.8277116], [16.076174, 45.8277001], [16.07634, 45.8276721], [16.0763862, 45.8277646], [16.076452, 45.8277747], [16.0764282, 45.8278999], [16.076652, 45.8278625], [16.0787938, 45.8273775], [16.0788043, 45.8273678], [16.0788183, 45.827358], [16.0788424, 45.8273505], [16.0797533, 45.8272134], [16.0797873, 45.8272117], [16.0798203, 45.8272162], [16.0798421, 45.8272227], [16.0798929, 45.8272456], [16.0800928, 45.827221], [16.0800858, 45.8271863], [16.0808631, 45.8270973], [16.0808598, 45.8270729], [16.0811837, 45.8270299], [16.0814071, 45.8292255], [16.081492, 45.8292979], [16.0817843, 45.8291057], [16.0819119, 45.8290787], [16.0822187, 45.8287463], [16.0822895, 45.8287821], [16.082354, 45.8287752], [16.0823923, 45.8287426], [16.0824, 45.828704], [16.0830391, 45.8290805], [16.0827547, 45.8296002], [16.0829299, 45.829584], [16.0842076, 45.8328553], [16.0842532, 45.833145], [16.0840922, 45.8331751], [16.0844666, 45.8340475], [16.0843946, 45.8340579], [16.0841462, 45.8340259], [16.0839926, 45.8340373], [16.0838806, 45.8340232], [16.0837749, 45.8340409], [16.0836908, 45.8341024], [16.0835656, 45.8341427], [16.0833588, 45.8342285], [16.0832329, 45.834289], [16.0830735, 45.8345097], [16.0829353, 45.8346627], [16.0828403, 45.8348019], [16.0827199, 45.834777], [16.0825634, 45.834781], [16.0822834, 45.8348762], [16.0817277, 45.8349443], [16.0816111, 45.8349419], [16.0814314, 45.8350256], [16.0810353, 45.8353033], [16.0806924, 45.8353326], [16.0805633, 45.835341], [16.0803961, 45.8353785], [16.0802625, 45.835453], [16.0801615, 45.8355323], [16.0800991, 45.8355996], [16.0799679, 45.8356266], [16.0798986, 45.8356172], [16.079527, 45.8358238], [16.0793813, 45.8359757], [16.0792216, 45.8360857], [16.0788167, 45.836222], [16.078533, 45.8363186], [16.0782536, 45.8363643], [16.0778137, 45.8365919], [16.0776858, 45.8366288], [16.0775816, 45.8366833], [16.0774389, 45.8367256], [16.0772891, 45.836725], [16.077289, 45.8367523], [16.0774054, 45.8369845], [16.0777062, 45.8372755], [16.078006, 45.8377408], [16.0785664, 45.8385369], [16.0787452, 45.8389874], [16.0788177, 45.8393256], [16.0788041, 45.8396877], [16.078844, 45.8398744], [16.0788891, 45.8403893], [16.0789077, 45.8406758], [16.0788635, 45.8408579], [16.0788069, 45.840943], [16.0788449, 45.8412106], [16.0789503, 45.8412865], [16.0790921, 45.841447], [16.0790809, 45.8415712], [16.0790352, 45.8416256], [16.0791096, 45.8416735], [16.0790583, 45.8417628], [16.07917, 45.8418125], [16.0792113, 45.8418708], [16.0792238, 45.8419874], [16.0793225, 45.841966], [16.079404, 45.8421093], [16.0793784, 45.8421463], [16.079415, 45.8422369], [16.0796416, 45.8426045], [16.0797195, 45.842604], [16.0797727, 45.8426599], [16.0797522, 45.8427084], [16.0796496, 45.8427638], [16.0795073, 45.8428401], [16.0796105, 45.8428763], [16.0796715, 45.8429125], [16.0797619, 45.8428356], [16.0798988, 45.842719], [16.0799723, 45.8426228], [16.0801132, 45.8425892], [16.0805004, 45.8425333], [16.0806112, 45.842535], [16.0807097, 45.8425666], [16.0808644, 45.8424285], [16.0816185, 45.8421615], [16.082536, 45.8420964], [16.082913, 45.8421218], [16.0834007, 45.8422733], [16.0835169, 45.8422886], [16.0837583, 45.8422594], [16.0842012, 45.8422932], [16.0849587, 45.8423785], [16.0851946, 45.8423951], [16.0855214, 45.8424533], [16.086334, 45.8427405], [16.0867116, 45.843072], [16.0867351, 45.8432185], [16.0868104, 45.8433197], [16.0871275, 45.8436389], [16.0872982, 45.8434304], [16.0874343, 45.8433391], [16.0875595, 45.8433773], [16.0881121, 45.8436187], [16.0889048, 45.8439087], [16.0894138, 45.8440162], [16.0902872, 45.8443472], [16.090895, 45.8443063], [16.0912163, 45.8442843], [16.0914058, 45.8442587], [16.0915396, 45.8442292], [16.0917578, 45.8441234], [16.091928, 45.8440961], [16.0921748, 45.8441195], [16.0923255, 45.8441719], [16.0927146, 45.8442381], [16.093183, 45.8443095], [16.0934207, 45.8443925], [16.0937893, 45.8446198], [16.093984, 45.8448311], [16.0940618, 45.8448346], [16.0946509, 45.8450951], [16.0953391, 45.8453223], [16.0955883, 45.8454445], [16.0959693, 45.8455487], [16.0962584, 45.845568], [16.0964678, 45.8456413], [16.0968063, 45.8456959], [16.0973902, 45.8458306], [16.0973793, 45.8457971], [16.0973938, 45.8457692], [16.0974333, 45.8457477], [16.0974976, 45.8457327], [16.0975851, 45.8457327], [16.0976212, 45.8457948], [16.0976515, 45.8458162], [16.0977158, 45.8458172], [16.0977604, 45.8458315], [16.097774, 45.8458504], [16.0981031, 45.8462938], [16.0982737, 45.8465051], [16.0985319, 45.8466317], [16.0986509, 45.8467087], [16.0988736, 45.8468695], [16.0992135, 45.8470732], [16.0994091, 45.8471854], [16.0995639, 45.8473111], [16.0997592, 45.8474261], [16.0998673, 45.8474931], [16.0999249, 45.8475964], [16.0999677, 45.8476997], [16.0999743, 45.8478002], [16.0999516, 45.8478711], [16.0998677, 45.8479302], [16.099677, 45.8479702], [16.0994155, 45.8480369], [16.0993126, 45.8481179], [16.0991422, 45.8482579], [16.0988825, 45.8483816], [16.0987386, 45.8484513], [16.0986946, 45.8485071], [16.098631, 45.8486746], [16.0985656, 45.8487914], [16.0984025, 45.8489643], [16.0981428, 45.8491637], [16.0980266, 45.8492505], [16.0979814, 45.8493801], [16.0979809, 45.84952], [16.0979362, 45.8495818], [16.0977588, 45.8497266], [16.0977317, 45.8497802], [16.0977378, 45.8498354], [16.0977995, 45.8499607], [16.0978195, 45.8500633], [16.0978065, 45.8501593], [16.0976033, 45.8505251], [16.097439, 45.8507789], [16.0973916, 45.8509628], [16.0974339, 45.8511737], [16.0974148, 45.8513174], [16.0973801, 45.8514975], [16.0974077, 45.8517352], [16.0973965, 45.8520687], [16.0973311, 45.8521883], [16.097317, 45.852304], [16.0972876, 45.8523498], [16.0972226, 45.8523823], [16.0969257, 45.8524444], [16.0967916, 45.8524994], [16.0967462, 45.8525605], [16.0967252, 45.8526415], [16.096736, 45.8526904], [16.0969988, 45.8531119], [16.0971204, 45.853388], [16.097243, 45.8536911], [16.0973131, 45.8539151], [16.0973318, 45.85403], [16.0973258, 45.8541755], [16.0973614, 45.8543155], [16.0973421, 45.8544934], [16.0974136, 45.8546343], [16.0974288, 45.8547566], [16.0974476, 45.8550137], [16.0974765, 45.8552815], [16.0972751, 45.8555459], [16.0970119, 45.8559797], [16.0969033, 45.8562687], [16.0968532, 45.8565406], [16.0969034, 45.8569327], [16.0968386, 45.8572273], [16.0964027, 45.8579927], [16.0964323, 45.8580112], [16.0960053, 45.8583634], [16.0958243, 45.8584304], [16.0957311, 45.858588], [16.0955042, 45.8587452], [16.0952285, 45.858947], [16.0951792, 45.8590218], [16.0951601, 45.8591525], [16.095101, 45.8593041], [16.0949625, 45.8594233], [16.0942917, 45.85983], [16.0941509, 45.8599594], [16.0938959, 45.8602485], [16.0937934, 45.860384], [16.0937522, 45.8605196], [16.0935641, 45.8606391], [16.0933289, 45.8607218], [16.0931584, 45.8607536], [16.0930051, 45.8607596], [16.0927226, 45.8607242], [16.0922544, 45.86068], [16.0919517, 45.8606724], [16.0915837, 45.8607165], [16.09116, 45.8608419], [16.0907422, 45.8608449], [16.0904004, 45.8608163], [16.0895314, 45.8609251], [16.0886788, 45.8608488], [16.0883879, 45.8608457], [16.0882741, 45.8608206], [16.0880194, 45.8607276], [16.0877646, 45.8606346], [16.0874544, 45.8605629], [16.0871016, 45.8605987], [16.0866848, 45.8607632], [16.0864823, 45.8608389], [16.0857371, 45.861023], [16.0853748, 45.8611682], [16.085238, 45.8612861], [16.0850051, 45.8616291], [16.0848311, 45.8618355], [16.0846552, 45.8621987], [16.08455, 45.8623551], [16.084276, 45.8627153], [16.084052, 45.8628274], [16.0839957, 45.8628368], [16.0837684, 45.8629712], [16.0836063, 45.8630189], [16.0835157, 45.8631003], [16.0834877, 45.8631325], [16.0834605, 45.8632636], [16.0835391, 45.8635734], [16.0835546, 45.8637898], [16.083524, 45.8638583], [16.0834867, 45.8638924], [16.0831421, 45.8641826], [16.0829605, 45.864322], [16.0825881, 45.8644606], [16.0823094, 45.8645479], [16.0820533, 45.8646589], [16.0819716, 45.8647105], [16.0818858, 45.8647803], [16.0817788, 45.8648988], [16.081725, 45.8648498], [16.0816421, 45.8653745], [16.0817718, 45.8658522], [16.0818074, 45.8659111], [16.0819556, 45.8661561], [16.0821564, 45.8663368], [16.0823375, 45.8667796], [16.0825395, 45.8671601], [16.0827411, 45.8674444], [16.0831319, 45.8679131], [16.0838673, 45.868443], [16.0841186, 45.8685668], [16.0845277, 45.8686882], [16.0853869, 45.8686672], [16.0855703, 45.8686818], [16.0858414, 45.8687211], [16.0872257, 45.8691283], [16.0873663, 45.8691452], [16.087594, 45.8691256], [16.0877681, 45.8691], [16.0881027, 45.8690353], [16.0883257, 45.8690028], [16.0885577, 45.8689792], [16.0887363, 45.8689794], [16.0890188, 45.8690004], [16.0893098, 45.8690393], [16.0904366, 45.8693235], [16.0918703, 45.8692924], [16.0922637, 45.8691652], [16.0925645, 45.8694005], [16.0936796, 45.8694597], [16.0948983, 45.8696543], [16.0955648, 45.8698327], [16.0958267, 45.8698357], [16.095864, 45.8698687], [16.0959652, 45.8699646], [16.0960418, 45.8700928], [16.0958984, 45.8703481], [16.0959212, 45.8704786], [16.0957255, 45.8710985], [16.0957607, 45.8716283], [16.0957067, 45.8718032], [16.0957261, 45.8719454], [16.0956665, 45.8723259], [16.0952531, 45.872486], [16.0951316, 45.8724042], [16.0950064, 45.8728033], [16.0948812, 45.8730364], [16.0947221, 45.8732196], [16.0945875, 45.8733991], [16.0943391, 45.8737882], [16.0942014, 45.8738906], [16.0942164, 45.8739108], [16.0940594, 45.8739863], [16.0938415, 45.874031], [16.0935779, 45.8740173], [16.0933874, 45.8740727], [16.0932937, 45.8741468], [16.0932326, 45.8742303], [16.0931756, 45.8742234], [16.0929818, 45.8747745], [16.0928536, 45.8749091], [16.0924556, 45.8754312], [16.0921647, 45.8756383], [16.0919612, 45.8758378], [16.0916762, 45.8761809], [16.0915397, 45.8762886], [16.0912559, 45.8763503], [16.0901427, 45.8768309], [16.0898053, 45.8769047], [16.0894664, 45.8769144], [16.0888188, 45.8770435], [16.0882051, 45.8772322], [16.0879469, 45.8773756], [16.0874776, 45.8777145], [16.0872328, 45.8778477], [16.0868806, 45.8782189], [16.0866905, 45.8783876], [16.0862073, 45.8787726], [16.0858309, 45.8791951], [16.0853149, 45.879653], [16.0853366, 45.8796747], [16.0853282, 45.8801039], [16.0853742, 45.8802201], [16.0853677, 45.8802986], [16.0851282, 45.8805017], [16.084711, 45.8806919], [16.0846471, 45.8806792], [16.0844062, 45.8810684], [16.0843096, 45.8811754], [16.0840529, 45.881354], [16.0835484, 45.881676], [16.0832538, 45.8819507], [16.0832587, 45.8821167], [16.0834709, 45.8823942], [16.0832679, 45.8827575], [16.0829795, 45.8829325], [16.0829002, 45.8830787], [16.0828816, 45.8834087], [16.082915, 45.8835046], [16.0830111, 45.8837802], [16.083048, 45.8839308], [16.083085, 45.8846314], [16.0830451, 45.8848966], [16.0829115, 45.8851921], [16.0829462, 45.8853451], [16.0831273, 45.8856401], [16.0831015, 45.8858234], [16.083019, 45.8859842], [16.0830115, 45.8861852], [16.0827028, 45.8863568], [16.0825823, 45.8866679], [16.0824453, 45.8869048], [16.0824266, 45.8871016], [16.0824865, 45.8872417], [16.0824361, 45.8877542], [16.0820339, 45.8881217], [16.081398, 45.8883267], [16.0805571, 45.8890027], [16.0793915, 45.8894879], [16.079028, 45.8896059], [16.0783496, 45.8897613], [16.077186, 45.8900212], [16.0770909, 45.8900759], [16.0769025, 45.8903741], [16.0767616, 45.8904501], [16.075791, 45.8906176], [16.0750981, 45.8908874], [16.0742379, 45.8910872], [16.0734089, 45.8911616], [16.0726924, 45.8914844], [16.0723196, 45.8915951], [16.0719383, 45.8917952], [16.0718076, 45.8919309], [16.0716852, 45.8922057], [16.0713167, 45.8924656], [16.071257, 45.8928174], [16.0711785, 45.893191], [16.0710745, 45.8934623], [16.0708867, 45.8939029], [16.0705303, 45.8944701], [16.0704536, 45.8945277], [16.070333, 45.8946358], [16.0702809, 45.8947262], [16.0702738, 45.8948206], [16.069927, 45.8952327], [16.0699057, 45.8953355], [16.0698805, 45.8955788], [16.0698203, 45.8957502], [16.0697133, 45.895919], [16.069482, 45.8961845], [16.0700266, 45.8964209], [16.0704106, 45.8967051], [16.0707883, 45.896959], [16.0708049, 45.8971295], [16.0710575, 45.8972423], [16.0710958, 45.8974154], [16.0711608, 45.8974563], [16.0714938, 45.8985848], [16.0717937, 45.8989675], [16.0718804, 45.8992179], [16.0721433, 45.8991922], [16.0721726, 45.8992659], [16.0721918, 45.8994355], [16.0721037, 45.9000854], [16.0725809, 45.9002372], [16.0729177, 45.9003953], [16.0729088, 45.9005382], [16.0725898, 45.900573], [16.0721485, 45.9007025], [16.0717601, 45.9009073], [16.0713352, 45.9011818], [16.0708178, 45.9014236], [16.0707328, 45.9015081], [16.0703717, 45.9020181], [16.0702321, 45.902451], [16.0699691, 45.9031313], [16.070048, 45.9033387], [16.0703608, 45.9037404], [16.0706941, 45.9040241], [16.0711574, 45.9042512], [16.0715303, 45.9045205], [16.0717787, 45.9047809], [16.0720868, 45.9051015], [16.072158, 45.9054204], [16.0721927, 45.9057263], [16.072456, 45.9060952], [16.0729634, 45.9065929], [16.0731054, 45.9068432], [16.0731774, 45.907181], [16.0732007, 45.9074807], [16.0731435, 45.9080625], [16.0731937, 45.9084559], [16.0731817, 45.9086173], [16.0731302, 45.908955], [16.073125, 45.9091435], [16.0731282, 45.9094924], [16.0731454, 45.9101324], [16.0731779, 45.9104301], [16.073238, 45.9107368], [16.0731995, 45.911035], [16.0732681, 45.9114541], [16.0732652, 45.9117241], [16.0733446, 45.9122141], [16.0735164, 45.9126014], [16.0734228, 45.9128411], [16.0733466, 45.9135453], [16.0733044, 45.9137648], [16.0733468, 45.9140835], [16.073285, 45.9142421], [16.0732902, 45.9144232], [16.0733895, 45.9148704], [16.0734753, 45.9152121], [16.073516, 45.9154357], [16.0736322, 45.9157579], [16.0737767, 45.9159823], [16.0737619, 45.9161091], [16.0739087, 45.9163765], [16.0740564, 45.9167054], [16.0744605, 45.9169132], [16.0746437, 45.9171971], [16.0748495, 45.917305], [16.0753557, 45.918001], [16.0756614, 45.9185806], [16.0758804, 45.9190554], [16.0760607, 45.9193002], [16.0762586, 45.9195293], [16.0764493, 45.9196471], [16.0768168, 45.9197643], [16.077072, 45.9198167], [16.077518, 45.9198562], [16.0776624, 45.9197919], [16.0780014, 45.9198707], [16.0783004, 45.9199224], [16.0785294, 45.9200283], [16.0786778, 45.9200371], [16.0787227, 45.9199721], [16.0791642, 45.9199683], [16.0795458, 45.9201173], [16.0794802, 45.9201826], [16.0794756, 45.9203083], [16.0797029, 45.9205343], [16.0800039, 45.9207044], [16.0801329, 45.9208909], [16.0800583, 45.9208946], [16.0797184, 45.9207533], [16.0794182, 45.9207048], [16.078861, 45.9207019], [16.077479, 45.9204049], [16.0772009, 45.9204131], [16.0763184, 45.9200974], [16.0751761, 45.9198227], [16.0745531, 45.9199093], [16.0740095, 45.9199394], [16.0737971, 45.9199786], [16.0730744, 45.9197968], [16.0725384, 45.9199077], [16.0722476, 45.9200312], [16.0720009, 45.9203078], [16.0719667, 45.9204417], [16.0715064, 45.9206953], [16.0710565, 45.9211327], [16.0709611, 45.9211371], [16.0709085, 45.9212699], [16.0707753, 45.9214284], [16.0705526, 45.9215173], [16.0700572, 45.9215224], [16.069039, 45.9216109], [16.0686119, 45.9216699], [16.067857, 45.9221674], [16.0675904, 45.9224683], [16.0677511, 45.9228816], [16.0679515, 45.9232739], [16.0679933, 45.9235845], [16.068216, 45.9242995], [16.068217, 45.924426], [16.0679478, 45.9249644], [16.06788, 45.925394], [16.0680244, 45.9256364], [16.0680374, 45.9260858], [16.0679479, 45.9263393], [16.067909, 45.9263727], [16.0671509, 45.9266871], [16.0665742, 45.9267046], [16.0660994, 45.926606], [16.0657856, 45.9266851], [16.0655092, 45.9265922], [16.0652997, 45.926595], [16.0650232, 45.9264318], [16.0645772, 45.9264665], [16.0642287, 45.9264781], [16.0641036, 45.9265943], [16.0640669, 45.9272394], [16.0641525, 45.9274072], [16.0640738, 45.9276802], [16.0637477, 45.9280156], [16.0635281, 45.9281377], [16.0630008, 45.9286063], [16.0627348, 45.9289516], [16.062552, 45.9290702], [16.0621278, 45.9294535], [16.0615642, 45.9297658], [16.0616108, 45.9306681], [16.0616303, 45.9309633], [16.0618067, 45.9313339], [16.0618856, 45.9314498], [16.0618022, 45.9316386], [16.0617996, 45.931708], [16.0611908, 45.9325023], [16.0604972, 45.9328146], [16.0598255, 45.9330274], [16.0591293, 45.9330753], [16.0590845, 45.9333717], [16.0587917, 45.9336251], [16.0584497, 45.9337493], [16.0581461, 45.9341022], [16.0572841, 45.9342964], [16.0568332, 45.9342451], [16.056837, 45.9340824], [16.0559233, 45.9343152], [16.0554619, 45.9345938], [16.0551449, 45.9352126], [16.0547902, 45.9356034], [16.0541169, 45.9358465], [16.053973, 45.9359358], [16.0537102, 45.9362504], [16.0534056, 45.9369304], [16.0529397, 45.937239], [16.0526099, 45.9372397], [16.0518094, 45.9374428]]]}}, {"type": "Feature", "properties": {"name": "Gornji grad - Medve\u0161\u010dak", "osmId": 2639024, "population": 26423}, "geometry": {"type": "Polygon", "coordinates": [[[15.9890784, 45.8322775], [15.9894506, 45.8317375], [15.9897698, 45.8313037], [15.9899932, 45.8309886], [15.9902869, 45.8306674], [15.9908274, 45.8301163], [15.991062, 45.8298351], [15.9911812, 45.8295999], [15.9913385, 45.8291961], [15.9915915, 45.828371], [15.9919551, 45.8272823], [15.9923897, 45.825933], [15.9924972, 45.8256032], [15.9925464, 45.8254778], [15.9925713, 45.8254813], [15.9926537, 45.8252755], [15.9926729, 45.8252779], [15.9927669, 45.825075], [15.9932372, 45.8242825], [15.9933483, 45.8241183], [15.9937474, 45.8236092], [15.9941398, 45.8230785], [15.9942733, 45.8228685], [15.9943371, 45.8227358], [15.9943819, 45.8226409], [15.9944362, 45.8224722], [15.9947092, 45.8214084], [15.9948319, 45.8210268], [15.995221, 45.8202301], [15.995442, 45.8198236], [15.9958093, 45.8191242], [15.9959457, 45.8188572], [15.9960117, 45.8186988], [15.9960976, 45.8183905], [15.9961859, 45.8179038], [15.9962143, 45.8177704], [15.9962298, 45.8175009], [15.9964919, 45.8172091], [15.9964779, 45.8171798], [15.996824, 45.8163191], [15.9971499, 45.8154549], [15.9972612, 45.8152628], [15.9970801, 45.8151329], [15.9961866, 45.8148351], [15.9957017, 45.8146584], [15.9943086, 45.8142588], [15.9936862, 45.8141088], [15.9932433, 45.8140492], [15.9909652, 45.8140171], [15.9907486, 45.8140125], [15.9872194, 45.8138524], [15.9862831, 45.8138193], [15.9851188, 45.8138089], [15.9845118, 45.8137865], [15.9842036, 45.8138051], [15.9840201, 45.8138464], [15.9838273, 45.8138996], [15.9838418, 45.8139264], [15.9834862, 45.8140336], [15.9834613, 45.8140593], [15.9831375, 45.8140476], [15.9832538, 45.813909], [15.983398, 45.8121054], [15.9815701, 45.8122124], [15.9792533, 45.8123528], [15.9792079, 45.8123446], [15.9788309, 45.8123418], [15.978732, 45.8123922], [15.9779976, 45.8125704], [15.9768864, 45.8127547], [15.9765475, 45.8128123], [15.9763284, 45.8129049], [15.9760131, 45.8129518], [15.9758529, 45.8129646], [15.9753728, 45.8129695], [15.9753462, 45.8129895], [15.97461, 45.8129942], [15.974364, 45.8130119], [15.9738604, 45.8130319], [15.9731192, 45.8131019], [15.9721195, 45.8131288], [15.9719043, 45.8131302], [15.9718687, 45.8131386], [15.9706824, 45.8131908], [15.970471, 45.8132032], [15.9698268, 45.8132336], [15.9695246, 45.8132153], [15.9686021, 45.8131902], [15.9679617, 45.8131497], [15.9673361, 45.8130759], [15.9668313, 45.8129892], [15.9667898, 45.8130818], [15.9661137, 45.8129402], [15.9655016, 45.8127826], [15.9646008, 45.8125479], [15.9644311, 45.8125031], [15.9640304, 45.8123987], [15.9638652, 45.8123656], [15.9637244, 45.8123422], [15.9634646, 45.8123309], [15.9631635, 45.81236], [15.9621563, 45.8125528], [15.9598021, 45.8130492], [15.9592366, 45.8131299], [15.9588588, 45.8131719], [15.9588395, 45.8131925], [15.9586558, 45.8131817], [15.9576799, 45.813226], [15.9572128, 45.8132468], [15.9565996, 45.8132529], [15.9561399, 45.813216], [15.9561086, 45.8132251], [15.956059, 45.8133902], [15.9563515, 45.8134292], [15.9563161, 45.8136333], [15.9563529, 45.8136253], [15.9563938, 45.8137305], [15.9563434, 45.8137359], [15.9563254, 45.8138104], [15.9562323, 45.8137936], [15.9562423, 45.8137573], [15.9559778, 45.8137194], [15.9559717, 45.8137835], [15.9560549, 45.8139292], [15.9558761, 45.8139844], [15.9557935, 45.8140373], [15.9558244, 45.8140879], [15.9557063, 45.8141643], [15.9557472, 45.814194], [15.9554983, 45.8143838], [15.9553716, 45.8144662], [15.9552806, 45.814409], [15.9551487, 45.8144909], [15.955292, 45.8145877], [15.9549879, 45.8148681], [15.9548175, 45.8150538], [15.9545727, 45.8149242], [15.9543994, 45.8151225], [15.9544718, 45.8151389], [15.9545465, 45.8151642], [15.9546429, 45.8152108], [15.9547314, 45.815266], [15.9547734, 45.8153137], [15.9547934, 45.8153597], [15.9548228, 45.8154692], [15.9548268, 45.815524], [15.9548088, 45.8155997], [15.9547816, 45.8156739], [15.9546377, 45.8160143], [15.9545797, 45.8162256], [15.9545929, 45.8163422], [15.9546341, 45.8164656], [15.9549095, 45.8170418], [15.9550472, 45.8173017], [15.9551757, 45.8175111], [15.9556475, 45.8174812], [15.9555889, 45.8177193], [15.9555955, 45.8178352], [15.9558733, 45.8185987], [15.9559711, 45.8188749], [15.9561531, 45.8192918], [15.9564697, 45.8202866], [15.956543, 45.8205036], [15.9567156, 45.8204897], [15.9566897, 45.8206942], [15.9566329, 45.8206978], [15.956657, 45.8208171], [15.9567027, 45.8209373], [15.9562716, 45.8209587], [15.9563641, 45.8212112], [15.9564861, 45.8213064], [15.956652, 45.8220871], [15.9565665, 45.8220908], [15.9567659, 45.8221961], [15.9569883, 45.8223372], [15.9571941, 45.8225254], [15.9574637, 45.8226985], [15.9576232, 45.8227587], [15.9577763, 45.822853], [15.9578733, 45.8229794], [15.9582498, 45.8233128], [15.9582225, 45.8233655], [15.9586723, 45.8236661], [15.9586969, 45.8237983], [15.9588474, 45.8239016], [15.9587009, 45.8239957], [15.9586679, 45.8240573], [15.9588002, 45.8242219], [15.9590616, 45.8244407], [15.9590297, 45.8245161], [15.9590453, 45.8246949], [15.9591594, 45.8248476], [15.9591014, 45.8249134], [15.9590781, 45.8250146], [15.9591233, 45.8251136], [15.9592825, 45.8251733], [15.9594026, 45.8253386], [15.9593671, 45.8255169], [15.9592947, 45.8256694], [15.95929, 45.8257571], [15.9593741, 45.8258126], [15.9590797, 45.8257962], [15.958985, 45.8260115], [15.9590332, 45.8261593], [15.9589051, 45.8261792], [15.9589607, 45.8263563], [15.9589089, 45.8264666], [15.9589786, 45.8265704], [15.9590391, 45.8268568], [15.9590578, 45.8269468], [15.9590173, 45.8269847], [15.9587752, 45.8270396], [15.9589184, 45.8272011], [15.9587067, 45.8273016], [15.9586575, 45.8272816], [15.9583699, 45.827487], [15.9583192, 45.8276393], [15.9582362, 45.8275905], [15.9580484, 45.8276558], [15.9580516, 45.8277981], [15.9581501, 45.8278673], [15.9579888, 45.8281655], [15.9573113, 45.8287844], [15.957424, 45.8289366], [15.9568971, 45.8294951], [15.9566728, 45.8296273], [15.9566371, 45.8301135], [15.956817, 45.830657], [15.9563745, 45.8321756], [15.9560222, 45.8338223], [15.9558762, 45.8348286], [15.9554939, 45.8357647], [15.9553684, 45.8363373], [15.9554867, 45.8368837], [15.9558149, 45.8376304], [15.9564199, 45.8383304], [15.9564058, 45.8385731], [15.9562924, 45.8388466], [15.9558323, 45.8390928], [15.9556142, 45.8394953], [15.9556236, 45.8398645], [15.9555121, 45.8407441], [15.9547824, 45.8418057], [15.9549129, 45.8420705], [15.954952, 45.8423412], [15.9546879, 45.8429629], [15.9543878, 45.8434595], [15.9543256, 45.8440793], [15.9543146, 45.8443689], [15.9536727, 45.8442278], [15.953096, 45.8443547], [15.9532121, 45.8448456], [15.9531117, 45.8454912], [15.9531732, 45.845525], [15.9531818, 45.8455974], [15.9530966, 45.846056], [15.953057, 45.8462617], [15.9529402, 45.8466338], [15.9529438, 45.8467561], [15.9531734, 45.8468546], [15.9531594, 45.8468776], [15.9533507, 45.8469432], [15.9535139, 45.8469601], [15.9537384, 45.8469592], [15.9542428, 45.8468661], [15.9545074, 45.8468005], [15.9547262, 45.84673], [15.9550355, 45.8466257], [15.9551885, 45.8465892], [15.9553566, 45.8465617], [15.9554372, 45.8465585], [15.9556006, 45.8465701], [15.9558203, 45.8464772], [15.9557972, 45.8464414], [15.9561742, 45.8463308], [15.9571285, 45.8460046], [15.9574549, 45.8458659], [15.957776, 45.8456756], [15.9577531, 45.8455898], [15.9579278, 45.8455605], [15.9580114, 45.8455193], [15.9582628, 45.8456224], [15.9583603, 45.8456017], [15.9586668, 45.84557], [15.9597183, 45.8451742], [15.9599231, 45.8451398], [15.9605687, 45.8462158], [15.9609318, 45.8460886], [15.9620751, 45.8457499], [15.9620416, 45.8455628], [15.9624043, 45.845531], [15.9623618, 45.8454622], [15.9630882, 45.8453216], [15.9632227, 45.8455506], [15.9631506, 45.8455772], [15.9635844, 45.8456967], [15.9640071, 45.8456603], [15.964028, 45.8457392], [15.964406, 45.8456431], [15.9647436, 45.8454827], [15.9650668, 45.8454665], [15.9650289, 45.8450287], [15.9649657, 45.8449641], [15.9649465, 45.8447739], [15.965337, 45.8447333], [15.9653188, 45.8444695], [15.9656716, 45.8444697], [15.965721, 45.8450038], [15.9660147, 45.8449956], [15.9660074, 45.8446152], [15.9665315, 45.8446125], [15.9665278, 45.844536], [15.9669062, 45.8445391], [15.967289, 45.8446446], [15.9679683, 45.8445667], [15.9677528, 45.8439746], [15.9680998, 45.8438734], [15.9683646, 45.8438614], [15.9685145, 45.8439267], [15.9687097, 45.8442192], [15.9688746, 45.8442587], [15.9690053, 45.8443255], [15.9692648, 45.8444858], [15.9695046, 45.8443963], [15.9697428, 45.8441498], [15.9696957, 45.8441328], [15.9699705, 45.8438326], [15.9700551, 45.8438746], [15.9699746, 45.8436305], [15.9697449, 45.8433499], [15.9697188, 45.8433507], [15.9696894, 45.843208], [15.9695893, 45.8432155], [15.9695808, 45.8431571], [15.9695873, 45.8430826], [15.9696244, 45.8430432], [15.9698119, 45.8429131], [15.9702236, 45.8426604], [15.9704144, 45.8425728], [15.9704514, 45.8425963], [15.9707964, 45.8424334], [15.9711111, 45.8423893], [15.9712093, 45.8424296], [15.9717366, 45.8426731], [15.9718816, 45.8425468], [15.9723182, 45.8427763], [15.9725129, 45.8428449], [15.97249, 45.8428745], [15.9728235, 45.8429823], [15.9726873, 45.8431441], [15.9729252, 45.8432434], [15.9733318, 45.842837], [15.9733934, 45.8430123], [15.9736261, 45.8427894], [15.9737702, 45.8426212], [15.9739757, 45.8425097], [15.9741917, 45.8421759], [15.9742264, 45.8424051], [15.9743996, 45.8425189], [15.9747817, 45.842574], [15.9748673, 45.8425247], [15.9749744, 45.8425572], [15.9750877, 45.8426391], [15.9755199, 45.8426168], [15.9754946, 45.8425571], [15.9755149, 45.8424701], [15.9755999, 45.8423684], [15.9756113, 45.8422798], [15.9755316, 45.842083], [15.9756363, 45.8420522], [15.9758199, 45.8421208], [15.9759931, 45.8424589], [15.9761794, 45.8428619], [15.9764017, 45.843365], [15.9765333, 45.8435382], [15.9766143, 45.8437454], [15.9767431, 45.8441688], [15.9770396, 45.8461227], [15.977077, 45.8463784], [15.9770695, 45.8465031], [15.9770498, 45.8467609], [15.9771592, 45.8474034], [15.9771443, 45.8475259], [15.9770886, 45.8477557], [15.9770419, 45.8479232], [15.976951, 45.848118], [15.9768458, 45.84827], [15.9768333, 45.848431], [15.9769649, 45.848442], [15.978921, 45.8488339], [15.9803465, 45.849071], [15.9802825, 45.8491906], [15.9801439, 45.8492462], [15.9801889, 45.8493035], [15.9800573, 45.8494706], [15.9798455, 45.8496998], [15.9796992, 45.8498578], [15.9796155, 45.8499744], [15.9795431, 45.850142], [15.9794123, 45.8503419], [15.9792545, 45.8505248], [15.9800663, 45.8505738], [15.9800615, 45.8506504], [15.979981, 45.8507873], [15.9799471, 45.8509285], [15.9799164, 45.8510971], [15.9799279, 45.8511998], [15.9799569, 45.8512889], [15.9800859, 45.8514658], [15.980212, 45.8516535], [15.9802122, 45.8517662], [15.9801848, 45.8518555], [15.9801291, 45.8519386], [15.9800358, 45.8520616], [15.9799896, 45.8521942], [15.9799699, 45.8523497], [15.9799534, 45.8524528], [15.979988, 45.8529379], [15.980229, 45.8528108], [15.980415, 45.8525965], [15.9817313, 45.8523434], [15.9834701, 45.8522513], [15.9834922, 45.8521725], [15.9845113, 45.8522999], [15.984544, 45.8521602], [15.9854095, 45.8520159], [15.9853745, 45.8514054], [15.9853405, 45.8513185], [15.9852592, 45.8513154], [15.9851362, 45.8512924], [15.9849779, 45.8512144], [15.9849582, 45.8511639], [15.9849516, 45.8510062], [15.9850263, 45.8509251], [15.9850746, 45.8508286], [15.9849911, 45.8504184], [15.9848926, 45.8499687], [15.9849407, 45.8496801], [15.9850195, 45.849589], [15.9851267, 45.8495231], [15.98542, 45.8494159], [15.9855315, 45.8493349], [15.9855608, 45.8492639], [15.9855638, 45.849193], [15.9854344, 45.8489115], [15.9850882, 45.8482467], [15.9849509, 45.847863], [15.9848064, 45.8477487], [15.9848351, 45.8469711], [15.9841989, 45.8465327], [15.9838051, 45.8463334], [15.9838987, 45.845878], [15.9841708, 45.8457514], [15.9851703, 45.8454064], [15.9858033, 45.8450178], [15.9863934, 45.844248], [15.987123, 45.8434034], [15.9880564, 45.8422674], [15.9882341, 45.8419651], [15.9884211, 45.841647], [15.9886465, 45.840937], [15.9885928, 45.8397784], [15.9885622, 45.8389129], [15.9883212, 45.8382363], [15.9893385, 45.8371462], [15.9893546, 45.8369979], [15.9894805, 45.8367858], [15.9895864, 45.8365992], [15.9895818, 45.8364163], [15.9894758, 45.8361527], [15.9895645, 45.8361345], [15.9898895, 45.8359728], [15.9899526, 45.8358542], [15.9904488, 45.8356196], [15.9905991, 45.8355627], [15.9907636, 45.835467], [15.9908881, 45.8353458], [15.9913935, 45.8350662], [15.9915162, 45.8349422], [15.9914934, 45.8348374], [15.9917808, 45.8345761], [15.9919821, 45.8345616], [15.9928111, 45.8341148], [15.9930549, 45.8339143], [15.9938662, 45.8333581], [15.9942976, 45.8331864], [15.9940595, 45.8330307], [15.9934807, 45.8323914], [15.9932001, 45.8324272], [15.9917913, 45.8326918], [15.9916964, 45.832694], [15.9916051, 45.832682], [15.9915134, 45.8326629], [15.9914283, 45.8326392], [15.9908342, 45.8326717], [15.9909009, 45.8328257], [15.9903395, 45.8329661], [15.9900775, 45.8330154], [15.9900691, 45.8328144], [15.9894752, 45.8330671], [15.9893626, 45.8330948], [15.9892453, 45.8330687], [15.9890423, 45.8329492], [15.9890873, 45.8324455], [15.9890824, 45.8324222], [15.9890717, 45.8323938], [15.9890417, 45.8323329], [15.9890784, 45.8322775]]]}}, {"type": "Feature", "properties": {"name": "Maksimir", "osmId": 2365257, "population": 47356}, "geometry": {"type": "Polygon", "coordinates": [[[15.9890423, 45.8329492], [15.9890873, 45.8324455], [15.9890824, 45.8324222], [15.9890717, 45.8323938], [15.9890417, 45.8323329], [15.9890784, 45.8322775], [15.9894506, 45.8317375], [15.9897698, 45.8313037], [15.9899932, 45.8309886], [15.9902869, 45.8306674], [15.9908274, 45.8301163], [15.991062, 45.8298351], [15.9911812, 45.8295999], [15.9913385, 45.8291961], [15.9915915, 45.828371], [15.9919551, 45.8272823], [15.9923897, 45.825933], [15.9924972, 45.8256032], [15.9925464, 45.8254778], [15.9925713, 45.8254813], [15.9926537, 45.8252755], [15.9926729, 45.8252779], [15.9927669, 45.825075], [15.9932372, 45.8242825], [15.9933483, 45.8241183], [15.9937474, 45.8236092], [15.9941398, 45.8230785], [15.9942733, 45.8228685], [15.9943371, 45.8227358], [15.9943819, 45.8226409], [15.9944362, 45.8224722], [15.9947092, 45.8214084], [15.9948319, 45.8210268], [15.995221, 45.8202301], [15.995442, 45.8198236], [15.9958093, 45.8191242], [15.9959457, 45.8188572], [15.9960117, 45.8186988], [15.9960976, 45.8183905], [15.9961859, 45.8179038], [15.9962143, 45.8177704], [15.9962298, 45.8175009], [15.9964919, 45.8172091], [15.9964779, 45.8171798], [15.996824, 45.8163191], [15.9971499, 45.8154549], [15.9972612, 45.8152628], [15.9970801, 45.8151329], [15.9961866, 45.8148351], [15.9964961, 45.814367], [15.9965075, 45.8143489], [15.9965077, 45.8143327], [15.9965015, 45.8143176], [15.9964234, 45.8142045], [15.9967271, 45.8140813], [15.9967936, 45.8141137], [15.9968517, 45.8141341], [15.9972457, 45.8142509], [15.9977306, 45.8138241], [15.9984561, 45.8131883], [15.999343, 45.8123911], [15.999946, 45.8118609], [15.99995, 45.8118498], [15.9999504, 45.8118425], [15.9999464, 45.8118356], [15.9999393, 45.8118295], [16.0001886, 45.8116195], [16.0011029, 45.8118676], [16.0019657, 45.8121363], [16.0023944, 45.8122957], [16.0031078, 45.8125518], [16.0046414, 45.8131269], [16.0058471, 45.8136021], [16.0065113, 45.8138808], [16.0081715, 45.8146459], [16.0084028, 45.8146685], [16.0088571, 45.8148674], [16.0090583, 45.8149578], [16.0095562, 45.8151065], [16.0097019, 45.8151338], [16.0097415, 45.815033], [16.0103553, 45.8150689], [16.0103277, 45.815232], [16.0105835, 45.8152542], [16.0110198, 45.8152859], [16.0117677, 45.8152917], [16.0117684, 45.8153485], [16.0119982, 45.8153392], [16.0120016, 45.8152685], [16.0120563, 45.8152683], [16.0126771, 45.8152483], [16.0128648, 45.8152403], [16.0129023, 45.8152231], [16.0129129, 45.8151996], [16.0133057, 45.8151623], [16.0133166, 45.8151765], [16.0133359, 45.8151876], [16.0133563, 45.8151958], [16.0133779, 45.8151978], [16.0138617, 45.8151359], [16.0141266, 45.8151329], [16.0147474, 45.8150149], [16.0147851, 45.8149765], [16.0147778, 45.8149348], [16.0152036, 45.8148495], [16.0164876, 45.8144492], [16.0169604, 45.8142631], [16.0180519, 45.8137967], [16.018281, 45.813703], [16.0187736, 45.8134844], [16.0187952, 45.8134633], [16.0188059, 45.8134251], [16.0188019, 45.8133892], [16.0187829, 45.8133564], [16.0187462, 45.8133308], [16.0190065, 45.8132342], [16.0190956, 45.8132102], [16.0191372, 45.8132107], [16.019224, 45.8132289], [16.0193664, 45.8132138], [16.0195423, 45.8131719], [16.0197483, 45.8132281], [16.0198614, 45.8133612], [16.0199122, 45.813384], [16.0208196, 45.8135862], [16.0211225, 45.8136743], [16.0226975, 45.8139825], [16.0240197, 45.8142148], [16.0274992, 45.8147869], [16.0276627, 45.8148424], [16.0286949, 45.815024], [16.0298478, 45.8152379], [16.0342575, 45.8159828], [16.0387574, 45.8167581], [16.0385799, 45.8172938], [16.0384067, 45.8178079], [16.0381826, 45.8182839], [16.0380373, 45.8186952], [16.0382144, 45.8187404], [16.0381707, 45.8188528], [16.0380424, 45.8188306], [16.0379595, 45.8190838], [16.0379227, 45.8190773], [16.0373529, 45.8208358], [16.037477, 45.8208604], [16.0374202, 45.821028], [16.037475, 45.8210375], [16.0374258, 45.8211731], [16.0373146, 45.8211528], [16.0371296, 45.8216968], [16.0367654, 45.8228326], [16.0367955, 45.8229155], [16.036758, 45.8230862], [16.0369195, 45.8231157], [16.0368793, 45.8232462], [16.0367688, 45.8232172], [16.0366942, 45.8232247], [16.0366568, 45.8232661], [16.0364803, 45.8238672], [16.0365208, 45.8239367], [16.0365307, 45.8239929], [16.0354783, 45.8237656], [16.0353942, 45.823957], [16.0353826, 45.8245676], [16.0353335, 45.8254963], [16.0352437, 45.8258828], [16.0351512, 45.8263632], [16.0350819, 45.8268066], [16.0350092, 45.8272112], [16.0349101, 45.8276176], [16.0348137, 45.8279983], [16.0345841, 45.828713], [16.0343761, 45.8292963], [16.0340266, 45.8301591], [16.0337567, 45.8308045], [16.0335737, 45.831254], [16.03335, 45.8318564], [16.0331635, 45.8324336], [16.0329931, 45.8331384], [16.0329101, 45.8335328], [16.0328295, 45.8341997], [16.0326981, 45.8357852], [16.0326544, 45.8362966], [16.0326078, 45.8367029], [16.0325739, 45.8369423], [16.0325217, 45.8371551], [16.0324288, 45.8374248], [16.0322976, 45.8377655], [16.0321608, 45.838025], [16.0319776, 45.8383044], [16.0317511, 45.8385875], [16.0314934, 45.8388271], [16.0308604, 45.839369], [16.0304065, 45.8396797], [16.0299538, 45.8399139], [16.0295381, 45.8401066], [16.0289067, 45.8403525], [16.0289112, 45.8405102], [16.0288668, 45.8406733], [16.028632, 45.841078], [16.0287541, 45.8410901], [16.0285967, 45.8413515], [16.0284826, 45.8415683], [16.0284624, 45.8416571], [16.0284597, 45.841804], [16.0284737, 45.8419415], [16.0283484, 45.8419547], [16.0283375, 45.8419872], [16.0282889, 45.8420281], [16.0281516, 45.8421089], [16.0280903, 45.8421161], [16.0280569, 45.8421074], [16.0280011, 45.8420848], [16.0279664, 45.8420522], [16.0279776, 45.8416149], [16.0278925, 45.8416572], [16.0266818, 45.8427049], [16.0258791, 45.8423172], [16.0233815, 45.8443458], [16.0233144, 45.8444838], [16.0235233, 45.8448745], [16.0234974, 45.845123], [16.0234015, 45.8451557], [16.0231439, 45.8450475], [16.0230631, 45.8453022], [16.0229725, 45.8453434], [16.0227222, 45.8451905], [16.0225894, 45.8452705], [16.0226072, 45.8453603], [16.0224031, 45.845418], [16.0222529, 45.8455022], [16.0219574, 45.8454776], [16.0217191, 45.8456742], [16.0215113, 45.8457955], [16.0214236, 45.8459138], [16.0213615, 45.846057], [16.0214362, 45.8461426], [16.0213304, 45.8463065], [16.0211423, 45.8462285], [16.0209487, 45.8461468], [16.0208698, 45.8462766], [16.0208227, 45.8466366], [16.0209746, 45.8466393], [16.0209751, 45.8467308], [16.020909, 45.8468405], [16.0206565, 45.8468723], [16.0205365, 45.846976], [16.0203693, 45.84721], [16.0202424, 45.847327], [16.0204712, 45.8474006], [16.0204124, 45.8474676], [16.0202928, 45.8474985], [16.0200512, 45.8474373], [16.0199639, 45.8474541], [16.0198739, 45.8476809], [16.0199664, 45.8477776], [16.0196739, 45.8481219], [16.0195583, 45.8486175], [16.0193559, 45.8493834], [16.0190765, 45.8495624], [16.0189193, 45.849542], [16.0186694, 45.8500551], [16.018667, 45.8503473], [16.0187832, 45.8505537], [16.0186932, 45.8507458], [16.0184875, 45.8509272], [16.0182512, 45.8510446], [16.0184055, 45.8512694], [16.0185531, 45.8515349], [16.0185113, 45.8516341], [16.01812, 45.8519407], [16.017967, 45.8521394], [16.0178127, 45.8522705], [16.0176692, 45.8521942], [16.0174783, 45.8520359], [16.0171896, 45.8520324], [16.0169206, 45.8522762], [16.0168478, 45.8524628], [16.0158435, 45.8527781], [16.0157476, 45.8529725], [16.0156721, 45.8532416], [16.0154496, 45.853444], [16.0152792, 45.8537857], [16.0148862, 45.8539112], [16.0148441, 45.8537398], [16.0144584, 45.8539975], [16.0144136, 45.8541348], [16.0137056, 45.8542135], [16.0133877, 45.8543157], [16.0131852, 45.8544582], [16.0129679, 45.8547305], [16.0128468, 45.8551383], [16.0122819, 45.8557281], [16.011555, 45.8561126], [16.0111426, 45.8561916], [16.0108173, 45.8562867], [16.0104396, 45.8565448], [16.0099848, 45.856938], [16.0101833, 45.8572201], [16.0099072, 45.8575471], [16.0095959, 45.8576754], [16.0094403, 45.8579004], [16.0090593, 45.8581939], [16.0083053, 45.8586139], [16.0062359, 45.8578901], [16.0057602, 45.8582876], [16.0053207, 45.8587881], [16.0046082, 45.8593151], [16.0040383, 45.8596747], [16.0039139, 45.8596947], [16.0027291, 45.8591153], [16.0016226, 45.8586392], [16.0012617, 45.8585154], [16.0009314, 45.8584308], [16.0002591, 45.8581675], [15.9999227, 45.8580647], [15.9993418, 45.8580074], [15.9989311, 45.8580504], [15.9985782, 45.8578973], [15.9985731, 45.857956], [15.9981597, 45.8585291], [15.9980066, 45.8586633], [15.9976481, 45.8589503], [15.9974797, 45.8590578], [15.9970076, 45.8594772], [15.9963939, 45.8600379], [15.9959997, 45.8605443], [15.9958517, 45.8604964], [15.9957866, 45.8605621], [15.9956386, 45.8605061], [15.9953517, 45.8604132], [15.9949349, 45.8603083], [15.9948537, 45.8603466], [15.9947842, 45.8603297], [15.994188, 45.8597751], [15.9939394, 45.859626], [15.9935987, 45.8598174], [15.9935567, 45.8598006], [15.9935421, 45.8596256], [15.9933923, 45.8594617], [15.9932831, 45.8592629], [15.9932822, 45.8589258], [15.9931439, 45.858876], [15.9931466, 45.8588419], [15.9931492, 45.8588078], [15.9932143, 45.8586632], [15.9932937, 45.858523], [15.9932862, 45.8584597], [15.9932636, 45.8583933], [15.9931928, 45.8583276], [15.9931134, 45.8582984], [15.9930243, 45.8582454], [15.9928661, 45.8578495], [15.9928892, 45.8577785], [15.9926962, 45.8577477], [15.9924888, 45.857747], [15.9919439, 45.8579168], [15.9913052, 45.8582312], [15.9909833, 45.8583998], [15.9907353, 45.8584906], [15.9906446, 45.8584988], [15.9905667, 45.8584884], [15.990243, 45.8583953], [15.9898181, 45.8583561], [15.9896406, 45.8583275], [15.9887676, 45.8580958], [15.9886126, 45.8580516], [15.988371, 45.8579333], [15.9882421, 45.8579223], [15.9879198, 45.8578273], [15.9876722, 45.8579044], [15.9872905, 45.8579217], [15.9869214, 45.85789], [15.9869886, 45.85829], [15.9870455, 45.8583315], [15.986953, 45.8585903], [15.9868938, 45.8588263], [15.9863293, 45.85878], [15.9857414, 45.8586785], [15.9856224, 45.8588977], [15.9842595, 45.8585175], [15.9840843, 45.8584729], [15.984095, 45.8582744], [15.983918, 45.8582765], [15.9835916, 45.8581098], [15.9836402, 45.8580608], [15.9834284, 45.8579221], [15.982884, 45.8576843], [15.982626, 45.8575586], [15.982451, 45.8574279], [15.9819999, 45.8569693], [15.9817834, 45.8566501], [15.9812818, 45.8561172], [15.9811194, 45.8559099], [15.9810797, 45.8557666], [15.981067, 45.8557076], [15.9809552, 45.8556384], [15.9809263, 45.8556963], [15.9808108, 45.8556083], [15.9804319, 45.855788], [15.9802713, 45.8551898], [15.9798962, 45.853956], [15.9798721, 45.8538326], [15.9799067, 45.8536648], [15.9799192, 45.8534202], [15.9799869, 45.8530646], [15.979988, 45.8529379], [15.980229, 45.8528108], [15.980415, 45.8525965], [15.9817313, 45.8523434], [15.9834701, 45.8522513], [15.9834922, 45.8521725], [15.9845113, 45.8522999], [15.984544, 45.8521602], [15.9854095, 45.8520159], [15.9853745, 45.8514054], [15.9853405, 45.8513185], [15.9852592, 45.8513154], [15.9851362, 45.8512924], [15.9849779, 45.8512144], [15.9849582, 45.8511639], [15.9849516, 45.8510062], [15.9850263, 45.8509251], [15.9850746, 45.8508286], [15.9849911, 45.8504184], [15.9848926, 45.8499687], [15.9849407, 45.8496801], [15.9850195, 45.849589], [15.9851267, 45.8495231], [15.98542, 45.8494159], [15.9855315, 45.8493349], [15.9855608, 45.8492639], [15.9855638, 45.849193], [15.9854344, 45.8489115], [15.9850882, 45.8482467], [15.9849509, 45.847863], [15.9848064, 45.8477487], [15.9848351, 45.8469711], [15.9841989, 45.8465327], [15.9838051, 45.8463334], [15.9838987, 45.845878], [15.9841708, 45.8457514], [15.9851703, 45.8454064], [15.9858033, 45.8450178], [15.9863934, 45.844248], [15.987123, 45.8434034], [15.9880564, 45.8422674], [15.9882341, 45.8419651], [15.9884211, 45.841647], [15.9886465, 45.840937], [15.9885928, 45.8397784], [15.9885622, 45.8389129], [15.9883212, 45.8382363], [15.9893385, 45.8371462], [15.9893546, 45.8369979], [15.9894805, 45.8367858], [15.9895864, 45.8365992], [15.9895818, 45.8364163], [15.9894758, 45.8361527], [15.9895645, 45.8361345], [15.9898895, 45.8359728], [15.9899526, 45.8358542], [15.9904488, 45.8356196], [15.9905991, 45.8355627], [15.9907636, 45.835467], [15.9908881, 45.8353458], [15.9913935, 45.8350662], [15.9915162, 45.8349422], [15.9914934, 45.8348374], [15.9917808, 45.8345761], [15.9919821, 45.8345616], [15.9928111, 45.8341148], [15.9930549, 45.8339143], [15.9938662, 45.8333581], [15.9942976, 45.8331864], [15.9940595, 45.8330307], [15.9934807, 45.8323914], [15.9932001, 45.8324272], [15.9917913, 45.8326918], [15.9916964, 45.832694], [15.9916051, 45.832682], [15.9915134, 45.8326629], [15.9914283, 45.8326392], [15.9908342, 45.8326717], [15.9909009, 45.8328257], [15.9903395, 45.8329661], [15.9900775, 45.8330154], [15.9900691, 45.8328144], [15.9894752, 45.8330671], [15.9893626, 45.8330948], [15.9892453, 45.8330687], [15.9890423, 45.8329492]]]}}, {"type": "Feature", "properties": {"name": "Novi Zagreb - istok", "osmId": 3173894, "population": 55898}, "geometry": {"type": "Polygon", "coordinates": [[[15.9946481, 45.7868978], [15.9945167, 45.7869276], [15.994511, 45.786871], [15.9939614, 45.7869713], [15.9939167, 45.7870705], [15.9938079, 45.7871067], [15.9937349, 45.7870748], [15.993665, 45.7871569], [15.9923445, 45.7874024], [15.9918298, 45.7876066], [15.9913268, 45.7876863], [15.9893808, 45.7880697], [15.9865624, 45.7885292], [15.9864789, 45.7884411], [15.9861572, 45.7884766], [15.9861694, 45.7885372], [15.9822294, 45.7888203], [15.9798761, 45.7889187], [15.9799294, 45.7879433], [15.9799124, 45.7878925], [15.9799843, 45.7874511], [15.9800937, 45.787447], [15.9800609, 45.7870158], [15.9800015, 45.7870183], [15.9800243, 45.786523], [15.9801818, 45.7835503], [15.9803734, 45.7801498], [15.9805292, 45.7773197], [15.9805499, 45.7771691], [15.981146, 45.7771805], [15.981078, 45.7771712], [15.9810348, 45.7771636], [15.9810074, 45.7771463], [15.9809947, 45.7771322], [15.9809846, 45.7771105], [15.9810229, 45.7763557], [15.9809444, 45.7761966], [15.9809391, 45.7760884], [15.9809107, 45.7760877], [15.9809131, 45.7759555], [15.9809858, 45.7759566], [15.9809744, 45.7757454], [15.9807726, 45.7752768], [15.9809566, 45.7718873], [15.9806068, 45.7718746], [15.9806142, 45.7715127], [15.9802665, 45.7715066], [15.9802981, 45.7709494], [15.9803588, 45.770955], [15.9804164, 45.7707711], [15.9804345, 45.7703715], [15.9804026, 45.7703203], [15.9804305, 45.7701782], [15.9804461, 45.7696061], [15.9804457, 45.7695221], [15.9803988, 45.7695201], [15.9804134, 45.7692507], [15.9804951, 45.7691608], [15.9805161, 45.7687781], [15.9804884, 45.768679], [15.9805059, 45.7679462], [15.9805409, 45.7675901], [15.9806105, 45.7667437], [15.9806155, 45.76666], [15.9806522, 45.766558], [15.9806752, 45.7664692], [15.980687, 45.766189], [15.9808095, 45.7649782], [15.9808292, 45.7648096], [15.9808965, 45.7635194], [15.9809416, 45.7626128], [15.9809938, 45.7624189], [15.9811832, 45.7619245], [15.9811869, 45.76188], [15.9814232, 45.7615788], [15.9818482, 45.7612597], [15.9821119, 45.7611458], [15.9825703, 45.7608947], [15.9836333, 45.7607659], [15.9845567, 45.7607557], [15.9850439, 45.7607615], [15.9853387, 45.7607563], [15.985338, 45.7607671], [15.9856563, 45.7607658], [15.9865112, 45.7606703], [15.9865265, 45.7606509], [15.9871912, 45.760551], [15.9882005, 45.7603408], [15.9882942, 45.7603445], [15.9883524, 45.7603391], [15.9884751, 45.7602596], [15.988845, 45.7601102], [15.9891375, 45.7599207], [15.9893266, 45.7597366], [15.9894097, 45.7596258], [15.9894969, 45.7594689], [15.9895662, 45.7593103], [15.9896015, 45.7592012], [15.9896134, 45.7590668], [15.9896047, 45.7588438], [15.9895504, 45.7585788], [15.9894976, 45.7585388], [15.989497, 45.7582999], [15.9894734, 45.7580556], [15.9893145, 45.7580647], [15.98957, 45.7576962], [15.9894526, 45.7573683], [15.9885422, 45.7574383], [15.9881942, 45.7574537], [15.9876946, 45.7574461], [15.9872982, 45.7574082], [15.9868726, 45.7573341], [15.9864936, 45.7572333], [15.9861036, 45.7570835], [15.9858195, 45.7569564], [15.9855192, 45.7567846], [15.9853306, 45.7566583], [15.985105, 45.7564858], [15.9849012, 45.7562855], [15.9847145, 45.7560637], [15.9845915, 45.7558605], [15.9844547, 45.7556134], [15.9843699, 45.7553841], [15.9843045, 45.7551702], [15.9842819, 45.7550365], [15.9842811, 45.7547757], [15.9843099, 45.7545556], [15.9843888, 45.7542652], [15.9850606, 45.7537233], [15.985018, 45.753696], [15.9850187, 45.7536586], [15.9843561, 45.7536684], [15.9848347, 45.7532845], [15.9880705, 45.7509908], [15.9849788, 45.7486819], [15.9845624, 45.7485426], [15.9796554, 45.7448415], [15.9827407, 45.7438317], [15.9855181, 45.7429581], [15.9908928, 45.7412182], [15.992238, 45.7407903], [15.9924183, 45.7407252], [15.9936974, 45.7403199], [15.9951828, 45.7398385], [15.996852, 45.7393073], [15.9981018, 45.7389047], [15.9983001, 45.7392669], [15.9986097, 45.7397292], [15.9989606, 45.7401996], [15.9992046, 45.7405475], [15.9992865, 45.7406729], [15.9993017, 45.7407112], [15.9994215, 45.7409244], [15.9995827, 45.7412498], [15.9996904, 45.7415759], [16.0007389, 45.741496], [16.0016749, 45.7408278], [16.0021499, 45.7404845], [16.0038039, 45.7392881], [16.0042383, 45.7390056], [16.0044417, 45.7388892], [16.0046028, 45.7387551], [16.0065215, 45.7373693], [16.0082905, 45.7361187], [16.0083744, 45.7360064], [16.0090437, 45.7355391], [16.0089329, 45.7354055], [16.0092641, 45.7351645], [16.0107577, 45.7346855], [16.0113356, 45.7345075], [16.012058, 45.7341643], [16.0124892, 45.7339808], [16.0131851, 45.7337084], [16.0138632, 45.7334916], [16.0163442, 45.732723], [16.0164263, 45.7328746], [16.0163833, 45.7330289], [16.0166395, 45.7336376], [16.0167527, 45.7339618], [16.01682, 45.7343911], [16.0170107, 45.7350601], [16.017306, 45.7360119], [16.0177106, 45.7363389], [16.018181, 45.7367423], [16.0186883, 45.737181], [16.0194175, 45.7375697], [16.0195186, 45.7377054], [16.0194535, 45.7377109], [16.0193618, 45.7377059], [16.0192878, 45.7377323], [16.0191532, 45.7378199], [16.0189838, 45.7380196], [16.018833, 45.7382177], [16.0186403, 45.7383546], [16.0183448, 45.7384619], [16.0180016, 45.7385712], [16.017894, 45.7386033], [16.0177878, 45.7386382], [16.0176833, 45.7386862], [16.0177396, 45.7388438], [16.0177479, 45.7390071], [16.0176905, 45.7393709], [16.0176064, 45.7394336], [16.0175418, 45.7396394], [16.0175489, 45.7397183], [16.0175753, 45.7398174], [16.0175915, 45.7398585], [16.0179356, 45.7398624], [16.0179749, 45.7399041], [16.0180998, 45.740006], [16.0182981, 45.7401663], [16.0187752, 45.7404585], [16.0188859, 45.7405266], [16.0192309, 45.7406699], [16.0192203, 45.7408237], [16.0192395, 45.740927], [16.0192632, 45.7409668], [16.019314, 45.7409976], [16.0195665, 45.7411043], [16.0196887, 45.7411573], [16.0197936, 45.741197], [16.0199332, 45.7412506], [16.0199405, 45.7415901], [16.0198556, 45.741695], [16.0197312, 45.7418841], [16.0196071, 45.7420542], [16.0195004, 45.742229], [16.01946, 45.7422963], [16.0194223, 45.7423397], [16.0193734, 45.7423916], [16.0192815, 45.7424611], [16.0183506, 45.7428884], [16.0178914, 45.7431252], [16.0177298, 45.7431766], [16.0171681, 45.7433029], [16.0160244, 45.743439], [16.0159383, 45.7434897], [16.0162316, 45.7437494], [16.0170433, 45.7447069], [16.0182293, 45.7464428], [16.0194682, 45.7480269], [16.0202197, 45.7487365], [16.0213515, 45.7498551], [16.0221179, 45.7504608], [16.0227833, 45.7509403], [16.0230216, 45.7511303], [16.0233782, 45.7513222], [16.0234742, 45.7513849], [16.0235825, 45.7514421], [16.0239343, 45.7517171], [16.024268, 45.7520011], [16.0244026, 45.752134], [16.0243763, 45.7521561], [16.0244474, 45.7522546], [16.0247956, 45.7525984], [16.0249813, 45.7528525], [16.025302, 45.7533272], [16.0253464, 45.753438], [16.0254353, 45.7536823], [16.0253979, 45.7537553], [16.0253445, 45.7539416], [16.0253437, 45.7542221], [16.0253237, 45.7543136], [16.0251771, 45.7544831], [16.0253361, 45.7545146], [16.0264271, 45.7538562], [16.027574, 45.7551188], [16.028628, 45.7550362], [16.029238, 45.7548305], [16.0297421, 45.7548627], [16.0311706, 45.7549943], [16.031695, 45.7550426], [16.0321714, 45.7551755], [16.03255, 45.7554576], [16.0327277, 45.7554774], [16.0331681, 45.7554792], [16.0335982, 45.7555008], [16.0338016, 45.7554738], [16.0342214, 45.7553822], [16.0341266, 45.7548912], [16.0348649, 45.7547519], [16.0350932, 45.7548204], [16.0363369, 45.7547336], [16.0380226, 45.7550262], [16.0379007, 45.7553906], [16.0378937, 45.7556525], [16.0373518, 45.7566025], [16.036694, 45.7575833], [16.036626, 45.7578581], [16.037091, 45.7593795], [16.0370407, 45.7597808], [16.0375845, 45.7603471], [16.0383108, 45.7608734], [16.0382872, 45.7613846], [16.038766, 45.7619878], [16.0328008, 45.765332], [16.029505, 45.7673464], [16.0257469, 45.7695724], [16.0230433, 45.7713752], [16.0161476, 45.7761157], [16.014108, 45.7774855], [16.0127369, 45.7783902], [16.0118518, 45.7789711], [16.0112284, 45.7793802], [16.0095417, 45.7805834], [16.0083455, 45.7812967], [16.0071885, 45.7819982], [16.0053824, 45.7830158], [16.0033309, 45.7840189], [16.0028058, 45.7843385], [16.0027428, 45.7843638], [16.0011613, 45.7849793], [15.9987056, 45.7858366], [15.9964173, 45.7865723], [15.9963337, 45.7864855], [15.9961133, 45.7865654], [15.9951085, 45.7868273], [15.9946481, 45.7868978]]]}}, {"type": "Feature", "properties": {"name": "Novi Zagreb - zapad", "osmId": 3173887, "population": 63917}, "geometry": {"type": "Polygon", "coordinates": [[[15.9412894, 45.775515], [15.9403823, 45.7749936], [15.9397845, 45.774672], [15.9390039, 45.774313], [15.9381673, 45.7739755], [15.9376021, 45.7737659], [15.9361194, 45.773346], [15.9344562, 45.7729123], [15.9336892, 45.7727668], [15.9325658, 45.7725711], [15.9306847, 45.7723262], [15.9300772, 45.7723037], [15.9291801, 45.7723184], [15.9282037, 45.7724049], [15.927097, 45.7725659], [15.9257214, 45.7728527], [15.9229268, 45.7736791], [15.9188581, 45.7749416], [15.9178584, 45.7752674], [15.9170913, 45.7754262], [15.9165094, 45.7754739], [15.9161286, 45.7756194], [15.9157272, 45.775764], [15.914028, 45.7761239], [15.9104091, 45.7767883], [15.9084187, 45.7772354], [15.9075131, 45.777489], [15.9067161, 45.7777457], [15.9061769, 45.7779478], [15.9059116, 45.7780493], [15.9056463, 45.7781709], [15.9039446, 45.7790992], [15.9034783, 45.7794569], [15.9020507, 45.7807597], [15.9000449, 45.7829063], [15.8974203, 45.7850477], [15.8968466, 45.7854326], [15.8963667, 45.7856916], [15.8958004, 45.7859234], [15.8952631, 45.7861098], [15.8939083, 45.7864825], [15.8928134, 45.7867445], [15.8914144, 45.7869445], [15.8902442, 45.7870016], [15.8888028, 45.7869433], [15.8883219, 45.7869174], [15.8865968, 45.7866596], [15.8861023, 45.7865545], [15.8858329, 45.7862107], [15.8842977, 45.7859144], [15.8840001, 45.7859097], [15.8827064, 45.785145], [15.8816511, 45.7847642], [15.8804994, 45.784545], [15.875178, 45.7838601], [15.8735445, 45.7836417], [15.8717233, 45.7835291], [15.8697058, 45.7834401], [15.8679166, 45.7838592], [15.8669765, 45.7841415], [15.8660572, 45.7844677], [15.8651652, 45.7848983], [15.864217, 45.7854644], [15.8629054, 45.7864437], [15.8617876, 45.7872915], [15.8609317, 45.7879423], [15.8598488, 45.7886661], [15.8589323, 45.7892197], [15.8580506, 45.7896903], [15.856048, 45.7906046], [15.8537383, 45.7915438], [15.8531943, 45.7918257], [15.8529508, 45.7919646], [15.8516502, 45.7928695], [15.8511765, 45.7932526], [15.8503258, 45.7941019], [15.8494323, 45.7951116], [15.8489037, 45.7957602], [15.8476537, 45.7972968], [15.8465622, 45.7986488], [15.8454707, 45.8000254], [15.8445557, 45.8012087], [15.8440815, 45.8017853], [15.8435645, 45.8023384], [15.8430387, 45.8028854], [15.8424621, 45.8034243], [15.8417433, 45.8040166], [15.8405032, 45.8049318], [15.8391891, 45.8058032], [15.837807, 45.8067779], [15.8372212, 45.8071844], [15.8367571, 45.8075237], [15.8355693, 45.8085866], [15.8347642, 45.8093507], [15.833582, 45.8105911], [15.8324043, 45.8105483], [15.8322592, 45.8103291], [15.8325794, 45.8099755], [15.8326243, 45.8096802], [15.8329926, 45.8092242], [15.8330685, 45.8090044], [15.8330263, 45.8086986], [15.8327731, 45.8085707], [15.8324885, 45.8084184], [15.832329, 45.8082618], [15.8306747, 45.8076209], [15.832135, 45.8058777], [15.8319578, 45.805809], [15.8336974, 45.8040674], [15.8342345, 45.8035613], [15.833498, 45.8032932], [15.8352454, 45.8000606], [15.8350396, 45.7987736], [15.8354701, 45.796067], [15.8356877, 45.7961011], [15.835847, 45.7932172], [15.8354698, 45.7931714], [15.8358739, 45.7925015], [15.8361966, 45.7922512], [15.8368572, 45.7920682], [15.837617, 45.7917974], [15.8387269, 45.7912239], [15.8396937, 45.7910556], [15.8419882, 45.7904905], [15.8426915, 45.7895133], [15.8419929, 45.7892371], [15.8400933, 45.7888688], [15.8398079, 45.789139], [15.8395382, 45.7890188], [15.8390972, 45.7890214], [15.8388598, 45.7881485], [15.8383769, 45.7874033], [15.837801, 45.786723], [15.8369725, 45.7857048], [15.8351438, 45.7855613], [15.8343856, 45.7852608], [15.8337419, 45.7851369], [15.8333924, 45.7848951], [15.8317593, 45.7846368], [15.8290533, 45.7840569], [15.8291504, 45.7836011], [15.8292032, 45.7835273], [15.8291861, 45.7833645], [15.8294517, 45.7832617], [15.8295388, 45.783151], [15.8295413, 45.7829679], [15.8292816, 45.7827301], [15.8289369, 45.7824803], [15.8287635, 45.7823074], [15.8286937, 45.7821513], [15.8286909, 45.7820586], [15.8270258, 45.7812028], [15.8260033, 45.7806817], [15.8240328, 45.7799152], [15.8232474, 45.7795876], [15.8217269, 45.7785495], [15.8228686, 45.7781614], [15.8231, 45.7780481], [15.8236338, 45.7777036], [15.8247697, 45.7761266], [15.8255299, 45.7751196], [15.8256504, 45.7750559], [15.8263211, 45.7745755], [15.8268409, 45.774312], [15.827421, 45.7741564], [15.8279693, 45.774054], [15.829618, 45.7738351], [15.8302716, 45.773758], [15.8308324, 45.7737079], [15.8310976, 45.7736335], [15.8313427, 45.7735307], [15.8314597, 45.7735721], [15.8320045, 45.7735665], [15.8326681, 45.7735636], [15.8330823, 45.7734824], [15.8336374, 45.7733644], [15.8338449, 45.7732988], [15.8347778, 45.773016], [15.8356714, 45.7727182], [15.8361265, 45.7726085], [15.8366597, 45.7723266], [15.838822, 45.7714394], [15.8411192, 45.7705599], [15.8416953, 45.7703859], [15.8415484, 45.7700848], [15.8412011, 45.7697388], [15.8405748, 45.7691771], [15.8392787, 45.7683003], [15.8384098, 45.767818], [15.8386431, 45.7674652], [15.8388319, 45.7672431], [15.8389358, 45.7671499], [15.8392355, 45.7668927], [15.8408451, 45.7656621], [15.8447571, 45.7650467], [15.8491729, 45.7643571], [15.8524258, 45.7638138], [15.8552004, 45.7644676], [15.8581886, 45.7651702], [15.8603678, 45.7656261], [15.8606539, 45.7656561], [15.8614088, 45.7656399], [15.8621401, 45.7655824], [15.862773, 45.7655007], [15.8632666, 45.7654189], [15.863914, 45.7652504], [15.8641945, 45.7651937], [15.8646284, 45.7651214], [15.8649266, 45.7650955], [15.86523, 45.7650873], [15.8655015, 45.765065], [15.8656984, 45.7649163], [15.8655706, 45.7648085], [15.8650728, 45.763835], [15.8653349, 45.7637457], [15.8651835, 45.763463], [15.8654622, 45.7633754], [15.8662808, 45.7632414], [15.8655736, 45.7615598], [15.8670706, 45.7611019], [15.8677962, 45.7595219], [15.8669836, 45.7593737], [15.8670306, 45.7592242], [15.8666389, 45.7575109], [15.8666894, 45.7572018], [15.8680532, 45.7577986], [15.8684244, 45.7567054], [15.8689647, 45.7570468], [15.8691389, 45.7566798], [15.8701246, 45.7573441], [15.8713265, 45.7564655], [15.8731471, 45.7576996], [15.8742282, 45.7573004], [15.8743642, 45.7572566], [15.8767579, 45.7563996], [15.879361, 45.7554803], [15.8795755, 45.7556078], [15.8813743, 45.7541433], [15.8814184, 45.7541677], [15.8831887, 45.7527299], [15.8843535, 45.7517998], [15.8854025, 45.750749], [15.8853179, 45.7506713], [15.8849583, 45.7508671], [15.8834209, 45.7492354], [15.8835111, 45.7489903], [15.8827286, 45.7480292], [15.8823304, 45.747128], [15.8815227, 45.7459831], [15.8805659, 45.7444042], [15.8805254, 45.7443722], [15.8803741, 45.743939], [15.8798318, 45.7429382], [15.8793084, 45.7414481], [15.8788668, 45.7404147], [15.8785854, 45.7397785], [15.8776957, 45.7387495], [15.8802963, 45.7397912], [15.8806852, 45.7395741], [15.8815273, 45.7391767], [15.8820366, 45.7390304], [15.8823444, 45.7389111], [15.8831485, 45.7384659], [15.8835966, 45.7383223], [15.8838538, 45.7382838], [15.8849914, 45.7380095], [15.8851173, 45.7379553], [15.8862666, 45.7396772], [15.8870645, 45.7405758], [15.8913627, 45.7389705], [15.8923428, 45.7384453], [15.8929736, 45.7381767], [15.8962712, 45.7367954], [15.8962112, 45.7375253], [15.8978316, 45.7373216], [15.8978374, 45.7373646], [15.897551, 45.7378876], [15.8976315, 45.7379138], [15.8978108, 45.7384283], [15.8981578, 45.7385441], [15.8977922, 45.7390773], [15.897869, 45.739113], [15.8973964, 45.7396606], [15.8964713, 45.7407442], [15.8962925, 45.7411229], [15.8958349, 45.7410668], [15.8947833, 45.7411054], [15.8947393, 45.7413796], [15.8946504, 45.7417775], [15.8946185, 45.7422123], [15.8946421, 45.7423879], [15.8946941, 45.7426227], [15.89479, 45.742975], [15.8952378, 45.7430852], [15.8955515, 45.7432321], [15.8959397, 45.7433624], [15.8963843, 45.7434557], [15.8964682, 45.7436049], [15.8963762, 45.7437457], [15.8971631, 45.7440551], [15.8977069, 45.7436329], [15.8979048, 45.7437659], [15.8980526, 45.7440426], [15.8993402, 45.7433094], [15.89942, 45.7433185], [15.9004183, 45.7445991], [15.9002599, 45.7446697], [15.9003681, 45.7448247], [15.9007212, 45.7447147], [15.9008556, 45.7449156], [15.9012442, 45.7455676], [15.9014184, 45.745509], [15.9015521, 45.7458092], [15.901587, 45.7460706], [15.9016427, 45.7465749], [15.901661, 45.7466809], [15.9017523, 45.7468977], [15.9022022, 45.747734], [15.902418, 45.7476746], [15.9031697, 45.7486901], [15.9030456, 45.748719], [15.9039691, 45.74911], [15.9042612, 45.7492396], [15.9050432, 45.7493948], [15.9055433, 45.7492728], [15.9055133, 45.7494504], [15.9060633, 45.749692], [15.9058434, 45.7499554], [15.905998, 45.750516], [15.907128, 45.7508716], [15.9078475, 45.7512096], [15.9077819, 45.7512719], [15.9079887, 45.7512853], [15.9090689, 45.7517176], [15.9096497, 45.7514002], [15.9122849, 45.7503301], [15.9127117, 45.750153], [15.9131458, 45.7500228], [15.9159052, 45.7491664], [15.9164839, 45.7489882], [15.9172707, 45.7488648], [15.9195824, 45.7459965], [15.9201104, 45.7453658], [15.9214348, 45.7437306], [15.9238637, 45.7407425], [15.9253976, 45.7388419], [15.929037, 45.7344176], [15.9296854, 45.7337035], [15.9315437, 45.7318326], [15.935142, 45.7286887], [15.9382708, 45.7262953], [15.9403954, 45.724881], [15.9430557, 45.7232982], [15.9449568, 45.7222354], [15.9456733, 45.7218721], [15.9478125, 45.7208128], [15.9496926, 45.7199579], [15.9518397, 45.719072], [15.9531642, 45.7185419], [15.9547896, 45.7179486], [15.9565642, 45.7173352], [15.9591202, 45.7165378], [15.9614576, 45.7158742], [15.9672112, 45.7145361], [15.9734358, 45.7130507], [15.9759584, 45.7124855], [15.9759726, 45.7124287], [15.9843867, 45.7104371], [15.9844539, 45.7105348], [15.9844799, 45.710838], [15.9844678, 45.7109546], [15.9844985, 45.7112255], [15.9851855, 45.7116174], [15.9853508, 45.7118048], [15.9856498, 45.7122412], [15.9862304, 45.7126445], [15.98664, 45.7131065], [15.9872314, 45.7135515], [15.987581, 45.71361], [15.9876026, 45.7138729], [15.9872783, 45.7142443], [15.9877542, 45.7143455], [15.9879147, 45.7144442], [15.9876489, 45.7148414], [15.9877083, 45.7149791], [15.9864154, 45.7155351], [15.9858096, 45.7158154], [15.9855418, 45.7157141], [15.9852332, 45.7155985], [15.9849833, 45.7155099], [15.9842862, 45.715947], [15.9836855, 45.716092], [15.9834883, 45.7162296], [15.9834062, 45.7164014], [15.9834432, 45.7165652], [15.9834184, 45.716696], [15.9833643, 45.7168235], [15.9841411, 45.7175246], [15.9843062, 45.7174717], [15.9848387, 45.7173047], [15.985426, 45.7172345], [15.9856103, 45.7173269], [15.9857129, 45.7174976], [15.9858174, 45.7177128], [15.9859218, 45.7178781], [15.986109, 45.7180118], [15.9862257, 45.718063], [15.9862844, 45.7180632], [15.9864494, 45.7180242], [15.9866382, 45.7179431], [15.9867784, 45.7177377], [15.9869536, 45.7173155], [15.9873003, 45.7169043], [15.9879597, 45.7162129], [15.9881576, 45.716175], [15.9883658, 45.7161941], [15.9888389, 45.7165429], [15.9891385, 45.7167278], [15.9896552, 45.716809], [15.9899626, 45.7167905], [15.9909135, 45.7165301], [15.9913832, 45.7165139], [15.9917099, 45.7165618], [15.9922308, 45.7167075], [15.9929616, 45.7169824], [15.9932967, 45.7173397], [15.9935603, 45.7175116], [15.9938913, 45.7176511], [15.9945133, 45.7177585], [15.994709, 45.7179069], [15.9947959, 45.7181377], [15.994967, 45.7182745], [15.9952088, 45.7182819], [15.9954199, 45.7182324], [15.9955565, 45.7180193], [15.9957417, 45.7178521], [15.9959481, 45.7177694], [15.9962515, 45.7177131], [15.9966551, 45.7176993], [15.996778, 45.7177273], [15.9969008, 45.7178018], [15.9971963, 45.7181715], [15.9979922, 45.7188462], [15.998512, 45.7192959], [15.9988272, 45.7194395], [15.9991206, 45.7195175], [15.999538, 45.7194922], [15.9998095, 45.7195826], [16.0000683, 45.7193348], [16.0005657, 45.7197194], [16.0009909, 45.7198446], [16.0013333, 45.7198265], [16.0021084, 45.7195732], [16.0033834, 45.7192613], [16.0034284, 45.7193553], [16.0035376, 45.7192344], [16.0046034, 45.7190982], [16.0055277, 45.7190776], [16.0080674, 45.7194886], [16.0086961, 45.7196154], [16.0095127, 45.7196832], [16.0100041, 45.7195578], [16.0104918, 45.7193668], [16.0107845, 45.7192681], [16.0111104, 45.719173], [16.0115199, 45.7190844], [16.0121506, 45.7190614], [16.0123019, 45.7190223], [16.0124558, 45.7189742], [16.0125639, 45.71899], [16.0126865, 45.7190523], [16.0134436, 45.7190215], [16.0143981, 45.7189171], [16.0148866, 45.7202482], [16.0159058, 45.7201891], [16.0160387, 45.7201897], [16.0160705, 45.7203766], [16.0164891, 45.7203998], [16.0169496, 45.7204224], [16.017348, 45.7204767], [16.0176345, 45.7205486], [16.01813, 45.7207931], [16.0179714, 45.7209144], [16.0178145, 45.7210709], [16.0177705, 45.7213319], [16.0176284, 45.7217236], [16.0171373, 45.7223773], [16.0170476, 45.7226515], [16.01703, 45.7230063], [16.0171168, 45.7230528], [16.0172759, 45.723704], [16.0174403, 45.724066], [16.0183396, 45.7239175], [16.0186205, 45.7239074], [16.0188303, 45.7240962], [16.0190071, 45.7245593], [16.0187207, 45.7251494], [16.0184544, 45.7253075], [16.0177402, 45.7255744], [16.0172836, 45.7257793], [16.0170196, 45.7259521], [16.0169065, 45.7261004], [16.0168449, 45.7262723], [16.0168322, 45.726374], [16.0168387, 45.7264109], [16.0167375, 45.7267596], [16.016754, 45.7267804], [16.0159292, 45.7271512], [16.0150711, 45.7275029], [16.015392, 45.7278158], [16.0158852, 45.7282472], [16.0162864, 45.7287094], [16.01746, 45.7295303], [16.0174043, 45.7296184], [16.0160858, 45.7305822], [16.0160075, 45.7309233], [16.0161239, 45.7320175], [16.0162652, 45.7325498], [16.0163442, 45.732723], [16.0138632, 45.7334916], [16.0131851, 45.7337084], [16.0124892, 45.7339808], [16.012058, 45.7341643], [16.0113356, 45.7345075], [16.0107577, 45.7346855], [16.0092641, 45.7351645], [16.0089329, 45.7354055], [16.0090437, 45.7355391], [16.0083744, 45.7360064], [16.0082905, 45.7361187], [16.0065215, 45.7373693], [16.0046028, 45.7387551], [16.0044417, 45.7388892], [16.0042383, 45.7390056], [16.0038039, 45.7392881], [16.0021499, 45.7404845], [16.0016749, 45.7408278], [16.0007389, 45.741496], [15.9996904, 45.7415759], [15.9995827, 45.7412498], [15.9994215, 45.7409244], [15.9993017, 45.7407112], [15.9992865, 45.7406729], [15.9992046, 45.7405475], [15.9989606, 45.7401996], [15.9986097, 45.7397292], [15.9983001, 45.7392669], [15.9981018, 45.7389047], [15.996852, 45.7393073], [15.9951828, 45.7398385], [15.9936974, 45.7403199], [15.9924183, 45.7407252], [15.992238, 45.7407903], [15.9908928, 45.7412182], [15.9855181, 45.7429581], [15.9827407, 45.7438317], [15.9796554, 45.7448415], [15.9845624, 45.7485426], [15.9849788, 45.7486819], [15.9880705, 45.7509908], [15.9848347, 45.7532845], [15.9843561, 45.7536684], [15.9850187, 45.7536586], [15.985018, 45.753696], [15.9850606, 45.7537233], [15.9843888, 45.7542652], [15.9843099, 45.7545556], [15.9842811, 45.7547757], [15.9842819, 45.7550365], [15.9843045, 45.7551702], [15.9843699, 45.7553841], [15.9844547, 45.7556134], [15.9845915, 45.7558605], [15.9847145, 45.7560637], [15.9849012, 45.7562855], [15.985105, 45.7564858], [15.9853306, 45.7566583], [15.9855192, 45.7567846], [15.9858195, 45.7569564], [15.9861036, 45.7570835], [15.9864936, 45.7572333], [15.9868726, 45.7573341], [15.9872982, 45.7574082], [15.9876946, 45.7574461], [15.9881942, 45.7574537], [15.9885422, 45.7574383], [15.9894526, 45.7573683], [15.98957, 45.7576962], [15.9893145, 45.7580647], [15.9894734, 45.7580556], [15.989497, 45.7582999], [15.9894976, 45.7585388], [15.9895504, 45.7585788], [15.9896047, 45.7588438], [15.9896134, 45.7590668], [15.9896015, 45.7592012], [15.9895662, 45.7593103], [15.9894969, 45.7594689], [15.9894097, 45.7596258], [15.9893266, 45.7597366], [15.9891375, 45.7599207], [15.988845, 45.7601102], [15.9884751, 45.7602596], [15.9883524, 45.7603391], [15.9882942, 45.7603445], [15.9882005, 45.7603408], [15.9871912, 45.760551], [15.9865265, 45.7606509], [15.9865112, 45.7606703], [15.9856563, 45.7607658], [15.985338, 45.7607671], [15.9853387, 45.7607563], [15.9850439, 45.7607615], [15.9845567, 45.7607557], [15.9836333, 45.7607659], [15.9825703, 45.7608947], [15.9821119, 45.7611458], [15.9818482, 45.7612597], [15.9814232, 45.7615788], [15.9811869, 45.76188], [15.9811832, 45.7619245], [15.9809938, 45.7624189], [15.9809416, 45.7626128], [15.9808965, 45.7635194], [15.9808292, 45.7648096], [15.9808095, 45.7649782], [15.980687, 45.766189], [15.9806752, 45.7664692], [15.9806522, 45.766558], [15.9806155, 45.76666], [15.9806105, 45.7667437], [15.9805409, 45.7675901], [15.9805059, 45.7679462], [15.9804884, 45.768679], [15.9805161, 45.7687781], [15.9804951, 45.7691608], [15.9804134, 45.7692507], [15.9803988, 45.7695201], [15.9804457, 45.7695221], [15.9804461, 45.7696061], [15.9804305, 45.7701782], [15.9804026, 45.7703203], [15.9804345, 45.7703715], [15.9804164, 45.7707711], [15.9803588, 45.770955], [15.9802981, 45.7709494], [15.9802665, 45.7715066], [15.9806142, 45.7715127], [15.9806068, 45.7718746], [15.9809566, 45.7718873], [15.9807726, 45.7752768], [15.9809744, 45.7757454], [15.9809858, 45.7759566], [15.9809131, 45.7759555], [15.9809107, 45.7760877], [15.9809391, 45.7760884], [15.9809444, 45.7761966], [15.9810229, 45.7763557], [15.9809846, 45.7771105], [15.9809947, 45.7771322], [15.9810074, 45.7771463], [15.9810348, 45.7771636], [15.981078, 45.7771712], [15.981146, 45.7771805], [15.9805499, 45.7771691], [15.9805292, 45.7773197], [15.9803734, 45.7801498], [15.9801818, 45.7835503], [15.9800243, 45.786523], [15.9800015, 45.7870183], [15.9800609, 45.7870158], [15.9800937, 45.787447], [15.9799843, 45.7874511], [15.9799124, 45.7878925], [15.9799294, 45.7879433], [15.9798761, 45.7889187], [15.9797673, 45.7889252], [15.9794879, 45.7889299], [15.9782839, 45.7889476], [15.9772468, 45.7889296], [15.9762654, 45.7888806], [15.9751724, 45.7888122], [15.9739893, 45.7887348], [15.9735601, 45.7886885], [15.9721579, 45.7885563], [15.971423, 45.7884541], [15.9699248, 45.7882305], [15.9692515, 45.7881222], [15.9671348, 45.7877371], [15.9658189, 45.7874441], [15.9651853, 45.7872861], [15.9643491, 45.7870666], [15.963434, 45.7868378], [15.9631035, 45.7867348], [15.9620951, 45.7864661], [15.9610689, 45.7862048], [15.9593823, 45.7857658], [15.9575194, 45.7852071], [15.9555356, 45.7844077], [15.9540753, 45.7837743], [15.9519367, 45.7827331], [15.9503427, 45.7818371], [15.9489594, 45.7810512], [15.9470792, 45.7797539], [15.9446937, 45.7779887], [15.9420661, 45.7760068], [15.9415219, 45.7756585], [15.9412894, 45.775515]]]}}, {"type": "Feature", "properties": {"name": "Pe\u0161\u010denica - \u017ditnjak", "osmId": 3173936, "population": 53023}, "geometry": {"type": "Polygon", "coordinates": [[[16.0704864, 45.7701978], [16.0709355, 45.7704158], [16.0716229, 45.7706768], [16.0727008, 45.7710522], [16.073585, 45.7714326], [16.0746818, 45.771972], [16.0756177, 45.7725374], [16.0764626, 45.7732009], [16.0775534, 45.7739813], [16.0782577, 45.7745933], [16.0797319, 45.7757594], [16.0807478, 45.7764688], [16.0818423, 45.7775766], [16.0825316, 45.778091], [16.0835897, 45.7788471], [16.0844675, 45.7790913], [16.088053, 45.7802238], [16.0887854, 45.7804218], [16.0896784, 45.7808067], [16.0908814, 45.7813228], [16.0921219, 45.7814994], [16.0929316, 45.7817184], [16.0944828, 45.7821516], [16.0954732, 45.782544], [16.0983441, 45.7839545], [16.0985056, 45.7841602], [16.0999509, 45.7851573], [16.1015955, 45.7860812], [16.1021056, 45.7862319], [16.1005608, 45.7876838], [16.1004679, 45.7879455], [16.1019859, 45.7887444], [16.1023814, 45.7890654], [16.1031312, 45.7896916], [16.1040035, 45.7905693], [16.1042537, 45.7909133], [16.1048534, 45.791618], [16.1050639, 45.7914704], [16.1067408, 45.7892388], [16.106929, 45.7885916], [16.1089478, 45.788714], [16.1106489, 45.7883284], [16.1154042, 45.7874772], [16.1177626, 45.7870858], [16.1199761, 45.7870404], [16.1225342, 45.7874916], [16.1236278, 45.7875723], [16.1247794, 45.7888444], [16.1252102, 45.7893538], [16.1255678, 45.7897643], [16.1257371, 45.7900374], [16.1260162, 45.7903638], [16.1259095, 45.7904012], [16.1259108, 45.7904856], [16.1269604, 45.7917931], [16.1270453, 45.7918312], [16.1271849, 45.7918295], [16.1275552, 45.7922878], [16.1273574, 45.7924225], [16.1280074, 45.7932375], [16.1282866, 45.7937653], [16.1284546, 45.79451], [16.1285704, 45.7952327], [16.1287832, 45.7965425], [16.1288595, 45.797315], [16.1287866, 45.7980582], [16.1286244, 45.7987068], [16.1284317, 45.799076], [16.128096, 45.7994736], [16.1275326, 45.8000088], [16.127059, 45.8003132], [16.1264997, 45.8006356], [16.1255726, 45.8009614], [16.12586, 45.8016278], [16.1189705, 45.8030364], [16.1158632, 45.8037328], [16.1100474, 45.8050762], [16.1101032, 45.8050982], [16.1089612, 45.8053439], [16.1076258, 45.8056103], [16.1065432, 45.805799], [16.1068366, 45.8056765], [16.1063061, 45.8057656], [16.1048044, 45.8059727], [16.1040789, 45.806064], [16.1029384, 45.8061832], [16.1022416, 45.8062396], [16.1019815, 45.8062605], [16.1011048, 45.8063208], [16.1008504, 45.8063355], [16.1005017, 45.8063458], [16.099563, 45.8063747], [16.0986164, 45.8063925], [16.0973277, 45.8063963], [16.0961546, 45.8063776], [16.0946129, 45.8062926], [16.0935193, 45.8062166], [16.0928065, 45.8061504], [16.0916926, 45.8060304], [16.0904295, 45.8058717], [16.0867726, 45.8053935], [16.0860965, 45.8053157], [16.0829933, 45.8049029], [16.0777621, 45.804211], [16.0744585, 45.8037761], [16.0729528, 45.803568], [16.0700422, 45.8032017], [16.0697004, 45.8031667], [16.0656094, 45.8026181], [16.0633665, 45.8023114], [16.0625217, 45.802202], [16.0602028, 45.8019018], [16.0568559, 45.8014634], [16.0540008, 45.8010705], [16.0519877, 45.8007762], [16.0494259, 45.8003598], [16.0482922, 45.8001606], [16.0474713, 45.8000115], [16.0466048, 45.799837], [16.0466958, 45.8000857], [16.046675, 45.8003247], [16.0467133, 45.8004951], [16.0468919, 45.8010026], [16.0474786, 45.8028732], [16.0475025, 45.803047], [16.0475208, 45.8033665], [16.0476194, 45.8034779], [16.047814, 45.8036326], [16.0481547, 45.803881], [16.0481894, 45.8039205], [16.0482335, 45.8040931], [16.0483501, 45.8048233], [16.0484506, 45.8051369], [16.048471, 45.805236], [16.0485535, 45.8054217], [16.0487017, 45.8056417], [16.0488867, 45.8059091], [16.0490492, 45.806077], [16.049445, 45.8063412], [16.0494996, 45.8064043], [16.0495223, 45.8064603], [16.0495338, 45.8065157], [16.049541, 45.806584], [16.0495362, 45.8066901], [16.0495018, 45.806872], [16.049505, 45.8073097], [16.0495781, 45.8075768], [16.0497524, 45.8079474], [16.0497339, 45.8080097], [16.0498378, 45.8081518], [16.0497518, 45.8082743], [16.0498482, 45.8084377], [16.049958, 45.8087486], [16.0500292, 45.8087945], [16.0500685, 45.8090843], [16.0500545, 45.80924], [16.0501277, 45.8093855], [16.0500141, 45.8095924], [16.0499129, 45.8098924], [16.0499563, 45.809993], [16.0498122, 45.8100995], [16.0497086, 45.8102916], [16.0496127, 45.8103286], [16.0495784, 45.8103936], [16.0495429, 45.8105607], [16.0493956, 45.8107729], [16.0492864, 45.8108653], [16.0490863, 45.8111389], [16.0491025, 45.8112382], [16.0492547, 45.811509], [16.0492563, 45.8120149], [16.0492262, 45.8120466], [16.0491617, 45.8120648], [16.0490883, 45.8122066], [16.0490309, 45.8122426], [16.0487148, 45.8124479], [16.0486742, 45.8127468], [16.0487371, 45.8127995], [16.0487292, 45.8131915], [16.0486379, 45.8133444], [16.0485848, 45.8135964], [16.0485757, 45.8138914], [16.048503, 45.8144843], [16.0481812, 45.8148414], [16.0481719, 45.8149388], [16.0482226, 45.8150726], [16.0483639, 45.8151496], [16.0483924, 45.815419], [16.0484385, 45.8155942], [16.0484038, 45.8156813], [16.0482503, 45.8158506], [16.0479827, 45.8159843], [16.0478707, 45.8160981], [16.0478618, 45.8162798], [16.0479527, 45.8163539], [16.0479395, 45.8164837], [16.0478179, 45.8166491], [16.0476793, 45.8166562], [16.0476102, 45.8167923], [16.0472827, 45.8169048], [16.0470343, 45.8169594], [16.0468758, 45.8169369], [16.0467834, 45.816956], [16.0466168, 45.8169397], [16.0465623, 45.8169056], [16.0463706, 45.8169058], [16.046229, 45.8169533], [16.0461626, 45.8171174], [16.0459263, 45.8179149], [16.0458169, 45.8179576], [16.0457702, 45.8179758], [16.0420651, 45.8173661], [16.0387574, 45.8167581], [16.0342575, 45.8159828], [16.0298478, 45.8152379], [16.0286949, 45.815024], [16.0276627, 45.8148424], [16.0274992, 45.8147869], [16.0240197, 45.8142148], [16.0226975, 45.8139825], [16.0211225, 45.8136743], [16.0208196, 45.8135862], [16.0199122, 45.813384], [16.0198614, 45.8133612], [16.0197483, 45.8132281], [16.0195423, 45.8131719], [16.0193664, 45.8132138], [16.019224, 45.8132289], [16.0191372, 45.8132107], [16.0190956, 45.8132102], [16.0190065, 45.8132342], [16.0187462, 45.8133308], [16.0187829, 45.8133564], [16.0188019, 45.8133892], [16.0188059, 45.8134251], [16.0187952, 45.8134633], [16.0187736, 45.8134844], [16.018281, 45.813703], [16.0180519, 45.8137967], [16.0169604, 45.8142631], [16.0164876, 45.8144492], [16.0152036, 45.8148495], [16.0147778, 45.8149348], [16.0147851, 45.8149765], [16.0147474, 45.8150149], [16.0141266, 45.8151329], [16.0138617, 45.8151359], [16.0133779, 45.8151978], [16.0133563, 45.8151958], [16.0133359, 45.8151876], [16.0133166, 45.8151765], [16.0133057, 45.8151623], [16.0129129, 45.8151996], [16.0129023, 45.8152231], [16.0128648, 45.8152403], [16.0126771, 45.8152483], [16.0120563, 45.8152683], [16.0120016, 45.8152685], [16.0119982, 45.8153392], [16.0117684, 45.8153485], [16.0117677, 45.8152917], [16.0110198, 45.8152859], [16.0105835, 45.8152542], [16.0103277, 45.815232], [16.0103553, 45.8150689], [16.0097415, 45.815033], [16.0097019, 45.8151338], [16.0095562, 45.8151065], [16.0090583, 45.8149578], [16.0088571, 45.8148674], [16.0084028, 45.8146685], [16.0081715, 45.8146459], [16.0065113, 45.8138808], [16.0058471, 45.8136021], [16.0046414, 45.8131269], [16.0031078, 45.8125518], [16.0023944, 45.8122957], [16.0019657, 45.8121363], [16.0011029, 45.8118676], [16.0001886, 45.8116195], [16.0002233, 45.811608], [16.00026, 45.8115883], [16.0032695, 45.8088998], [16.0034129, 45.8087656], [16.0054417, 45.806963], [16.0052904, 45.8068741], [16.0062178, 45.8060468], [16.0063693, 45.8061204], [16.0077155, 45.8049836], [16.0079579, 45.8047278], [16.0079324, 45.804616], [16.0085436, 45.8040724], [16.0087115, 45.8040586], [16.010998, 45.8020312], [16.011475, 45.8016049], [16.0115081, 45.8016205], [16.0130401, 45.8002557], [16.0130135, 45.8002319], [16.0130486, 45.800217], [16.0144085, 45.7989251], [16.0149858, 45.798443], [16.01614, 45.7977118], [16.0161811, 45.7976077], [16.0162118, 45.7976074], [16.0162346, 45.7975964], [16.0164842, 45.797384], [16.0168235, 45.7971828], [16.016878, 45.7971414], [16.0169163, 45.7971021], [16.0169342, 45.7970476], [16.0169404, 45.7970045], [16.0169309, 45.7969625], [16.016911, 45.79692], [16.0168744, 45.7968743], [16.0167878, 45.7968372], [16.0170025, 45.7964719], [16.0141725, 45.7963269], [16.0077298, 45.7959972], [16.0062742, 45.7959556], [16.0060198, 45.7959965], [16.0058529, 45.7959901], [16.0051568, 45.7959574], [16.0045204, 45.7959148], [16.0041612, 45.7959013], [16.0038602, 45.795883], [16.0032984, 45.7958839], [16.0011453, 45.7957691], [15.9998952, 45.7957045], [15.999879, 45.7956766], [16.0003979, 45.7949447], [16.0004858, 45.794896], [16.0006256, 45.7945748], [16.0009157, 45.7941181], [16.0017513, 45.7930402], [16.0020229, 45.7927959], [16.0028522, 45.7916432], [16.0034439, 45.7908172], [16.004291, 45.7897787], [16.0043858, 45.7895013], [16.0045041, 45.7890626], [16.0045368, 45.7888128], [16.0045617, 45.7883364], [16.0045536, 45.7881133], [16.0045329, 45.7878902], [16.0045063, 45.7876614], [16.0044528, 45.7874577], [16.0043356, 45.7871198], [16.0042496, 45.7869109], [16.0041856, 45.7869198], [16.0040869, 45.7867069], [16.0039137, 45.7863914], [16.0036967, 45.7860235], [16.0039148, 45.7859363], [16.0037984, 45.7857483], [16.0035902, 45.7858305], [16.0027428, 45.7843638], [16.0028058, 45.7843385], [16.0033309, 45.7840189], [16.0053824, 45.7830158], [16.0071885, 45.7819982], [16.0083455, 45.7812967], [16.0095417, 45.7805834], [16.0112284, 45.7793802], [16.0118518, 45.7789711], [16.0127369, 45.7783902], [16.014108, 45.7774855], [16.0161476, 45.7761157], [16.0230433, 45.7713752], [16.0257469, 45.7695724], [16.029505, 45.7673464], [16.0328008, 45.765332], [16.038766, 45.7619878], [16.039385, 45.7616199], [16.0396917, 45.7612587], [16.0396787, 45.7611429], [16.0417665, 45.7601022], [16.0434938, 45.7596382], [16.0446466, 45.7592325], [16.0448816, 45.759232], [16.0460091, 45.7588831], [16.0466236, 45.7587121], [16.0472309, 45.7585563], [16.0488083, 45.7582265], [16.0502813, 45.7580551], [16.0512476, 45.7580072], [16.0522868, 45.7580252], [16.0537482, 45.758186], [16.0547796, 45.758359], [16.0558832, 45.7585722], [16.0564494, 45.7587406], [16.0574443, 45.7591031], [16.0583751, 45.7594471], [16.0592049, 45.7598515], [16.0602493, 45.7604953], [16.0609929, 45.7610288], [16.0615553, 45.7614886], [16.0624992, 45.7622922], [16.0632844, 45.7631815], [16.0646872, 45.7651139], [16.0663518, 45.7671851], [16.0663378, 45.7674284], [16.0672406, 45.7682279], [16.068432, 45.769096], [16.069405, 45.7696502], [16.0704864, 45.7701978]]]}}, {"type": "Feature", "properties": {"name": "Podsljeme", "osmId": 3178498, "population": 18974}, "geometry": {"type": "Polygon", "coordinates": [[[16.0474263, 45.9376733], [16.0471317, 45.9379744], [16.0463216, 45.9384959], [16.0456001, 45.938778], [16.0447562, 45.9390033], [16.0441002, 45.9391185], [16.0433972, 45.9388272], [16.0426238, 45.9385845], [16.0415184, 45.9387635], [16.0405779, 45.9389007], [16.0400166, 45.9392372], [16.0395758, 45.9392954], [16.0389329, 45.9392934], [16.038093, 45.93914], [16.0374558, 45.9388731], [16.0366955, 45.9384172], [16.0332834, 45.938051], [16.0317179, 45.9375817], [16.0306235, 45.9372698], [16.0306674, 45.9358858], [16.0302062, 45.9345921], [16.0297283, 45.9342405], [16.0280969, 45.9341929], [16.0276941, 45.934328], [16.0270209, 45.9340018], [16.0245447, 45.9326864], [16.0234715, 45.9323775], [16.0225812, 45.9317792], [16.0208017, 45.9311083], [16.0197733, 45.9310376], [16.0178236, 45.9307104], [16.0165522, 45.9306843], [16.0153006, 45.9304901], [16.0137375, 45.930117], [16.0127991, 45.9302258], [16.0119766, 45.9301944], [16.0114808, 45.9303217], [16.0110323, 45.9302593], [16.0106446, 45.9302995], [16.0100659, 45.930474], [16.0098304, 45.9304649], [16.0093124, 45.9301841], [16.008838, 45.9300917], [16.0087355, 45.9299893], [16.0085204, 45.9295132], [16.0083387, 45.9293743], [16.0082799, 45.9291764], [16.0082266, 45.9290964], [16.0080476, 45.928959], [16.0075129, 45.928978], [16.0069352, 45.9288988], [16.006307, 45.9287973], [16.0062449, 45.9287813], [16.0056777, 45.9285973], [16.0054596, 45.9284456], [16.0042909, 45.9278644], [16.0034335, 45.9269156], [16.0023672, 45.9264525], [16.0013325, 45.9258892], [16.0006197, 45.9241152], [15.9999882, 45.9233669], [15.9991159, 45.9230343], [15.9974828, 45.9226782], [15.9953774, 45.9224119], [15.9936449, 45.9221875], [15.9920409, 45.9221013], [15.9916397, 45.9217417], [15.9912347, 45.9216412], [15.9903183, 45.9211445], [15.9895707, 45.9205465], [15.9888663, 45.9202297], [15.9879485, 45.9201786], [15.9869912, 45.9195156], [15.9854927, 45.9179888], [15.9848229, 45.9176038], [15.9841078, 45.9175607], [15.9828711, 45.9172821], [15.9813314, 45.9168529], [15.9803486, 45.9166812], [15.9783073, 45.9162135], [15.9767559, 45.9155146], [15.9754987, 45.9151361], [15.9749457, 45.9148712], [15.9743343, 45.9133572], [15.9733528, 45.9123564], [15.9724514, 45.9115429], [15.9718412, 45.9098342], [15.9706133, 45.9082383], [15.9694387, 45.9078383], [15.9684221, 45.9075061], [15.9682925, 45.9070916], [15.9682416, 45.9070942], [15.9678921, 45.9071125], [15.9676293, 45.9072186], [15.9667422, 45.9073841], [15.9660756, 45.9073314], [15.9657608, 45.9073604], [15.9653968, 45.9073545], [15.9649677, 45.9071242], [15.9643648, 45.9069814], [15.9634914, 45.906285], [15.9628481, 45.9055054], [15.9615164, 45.9046419], [15.9603325, 45.9039033], [15.9588411, 45.9031973], [15.9581952, 45.9027897], [15.9579356, 45.9019662], [15.9575599, 45.9017995], [15.9567934, 45.9015897], [15.9560562, 45.9014555], [15.9557968, 45.9013641], [15.9552068, 45.9009652], [15.953086, 45.9011255], [15.9523579, 45.9011341], [15.9505757, 45.90098], [15.9495757, 45.9009654], [15.949165, 45.9009016], [15.9487913, 45.9007408], [15.9485521, 45.9005615], [15.9483225, 45.9002535], [15.9478117, 45.8996997], [15.9475789, 45.8994985], [15.9474515, 45.8992439], [15.9467717, 45.8990108], [15.9463811, 45.8989577], [15.9458205, 45.8987477], [15.9455917, 45.8986267], [15.9452329, 45.8983571], [15.9448533, 45.898174], [15.944726, 45.8979729], [15.9445116, 45.8979321], [15.9437325, 45.8977839], [15.9433823, 45.8976502], [15.942933, 45.8974189], [15.9421334, 45.8968221], [15.9418518, 45.8967241], [15.9417434, 45.8964981], [15.941452, 45.8963916], [15.9413629, 45.896221], [15.940958, 45.8960212], [15.9402821, 45.895558], [15.9395373, 45.8949031], [15.9391629, 45.8944155], [15.9389556, 45.8936471], [15.9379783, 45.8924901], [15.9372498, 45.8920959], [15.9366453, 45.8917555], [15.9363831, 45.8914809], [15.9363036, 45.8911841], [15.9358027, 45.8905672], [15.9351097, 45.8898753], [15.9347537, 45.8900331], [15.9336485, 45.8896572], [15.9335993, 45.8895862], [15.9334577, 45.8893819], [15.932921, 45.8894884], [15.9322823, 45.8895096], [15.9316245, 45.8894397], [15.9309343, 45.8891236], [15.9303366, 45.8885546], [15.9301368, 45.8881089], [15.9289884, 45.887895], [15.9282268, 45.8880804], [15.9271414, 45.8882439], [15.9262106, 45.8882196], [15.9246086, 45.8897429], [15.9242482, 45.8898516], [15.9236293, 45.8898277], [15.9225781, 45.8896514], [15.9223428, 45.8895553], [15.9225623, 45.889504], [15.9229218, 45.8891915], [15.9234379, 45.8891014], [15.9238427, 45.8886389], [15.9243119, 45.8884273], [15.9243168, 45.8881437], [15.9246806, 45.8880819], [15.9248212, 45.8879454], [15.9254029, 45.8877382], [15.9257908, 45.8872272], [15.925955, 45.8867535], [15.9263157, 45.8863389], [15.926548, 45.886229], [15.9273755, 45.8854684], [15.9274336, 45.8851598], [15.9275518, 45.8848272], [15.9278091, 45.8844242], [15.9281695, 45.8840588], [15.9285642, 45.8838906], [15.9286737, 45.8835853], [15.9288121, 45.8831575], [15.9290419, 45.8829678], [15.9290534, 45.881717], [15.92892, 45.881454], [15.92883, 45.8810261], [15.9290927, 45.8803247], [15.9297728, 45.8793709], [15.9303551, 45.8788364], [15.9320466, 45.8777177], [15.9326195, 45.877713], [15.9330104, 45.8777843], [15.933673, 45.877237], [15.9338115, 45.8772318], [15.9339695, 45.8773768], [15.9339579, 45.8776653], [15.934116, 45.8778391], [15.9344986, 45.8781016], [15.9347686, 45.8781594], [15.9352282, 45.8781096], [15.9367395, 45.8773498], [15.9379358, 45.8765271], [15.9382961, 45.8757955], [15.9383094, 45.8752877], [15.9382161, 45.8750588], [15.9382404, 45.87445], [15.9384725, 45.8739438], [15.9393243, 45.8727668], [15.9403211, 45.871831], [15.9412661, 45.8714814], [15.9414494, 45.8712523], [15.9416278, 45.8708955], [15.9424035, 45.8704481], [15.9428791, 45.8698887], [15.9429144, 45.8695315], [15.9429011, 45.8692419], [15.9425712, 45.8689458], [15.9421541, 45.8686747], [15.9419769, 45.868437], [15.9419271, 45.8681718], [15.9418453, 45.8676369], [15.9418879, 45.8667554], [15.9421462, 45.8664321], [15.9423679, 45.8662314], [15.9425748, 45.8660454], [15.9427706, 45.8658927], [15.9433475, 45.8644712], [15.9433892, 45.8639254], [15.943158, 45.862858], [15.9432939, 45.8624774], [15.9433323, 45.8622247], [15.9433069, 45.8619868], [15.9431112, 45.8616121], [15.9439688, 45.8610784], [15.9443605, 45.8607141], [15.944461, 45.8604353], [15.9447689, 45.8601038], [15.9445195, 45.8595164], [15.9442278, 45.8591834], [15.9441219, 45.8592131], [15.9440651, 45.8584292], [15.9435392, 45.8580326], [15.9436347, 45.8577995], [15.9436583, 45.8573661], [15.9436813, 45.8568632], [15.9438028, 45.856484], [15.9437845, 45.855802], [15.9437087, 45.8557734], [15.9438793, 45.8551206], [15.9437794, 45.855134], [15.9436813, 45.8547949], [15.9435935, 45.8547497], [15.9436856, 45.8546523], [15.9436619, 45.854574], [15.9434676, 45.8542501], [15.943413, 45.8540922], [15.9434057, 45.8539283], [15.943436, 45.8537126], [15.9434666, 45.853598], [15.9435725, 45.8534497], [15.9437085, 45.8533014], [15.9440298, 45.8529466], [15.944318, 45.8528276], [15.9448122, 45.8526877], [15.9447845, 45.8524255], [15.9447304, 45.8522153], [15.9446262, 45.8519543], [15.9445877, 45.8517536], [15.9445506, 45.8516952], [15.9445109, 45.8516624], [15.9444454, 45.8516201], [15.9444125, 45.851565], [15.9444074, 45.8514149], [15.9444255, 45.8511748], [15.9444096, 45.8510592], [15.9443102, 45.850921], [15.9441742, 45.8507559], [15.9440997, 45.8505723], [15.9439872, 45.8498552], [15.943871, 45.8494958], [15.9437791, 45.8492983], [15.9437796, 45.8491621], [15.9437375, 45.8488359], [15.9435723, 45.848387], [15.9435231, 45.8480382], [15.9436182, 45.8479583], [15.9435073, 45.8478351], [15.9435045, 45.847759], [15.9434666, 45.8476274], [15.9434864, 45.8475149], [15.9435312, 45.847439], [15.9436209, 45.8473748], [15.9434891, 45.8472608], [15.9433499, 45.8470963], [15.943293, 45.8470679], [15.943178, 45.8470462], [15.9431192, 45.8470031], [15.9430986, 45.8469572], [15.9431004, 45.8467549], [15.9430337, 45.8465898], [15.9429257, 45.8464597], [15.9428406, 45.8463366], [15.9428338, 45.846183], [15.9428253, 45.8459753], [15.9428644, 45.8455029], [15.9429212, 45.8453665], [15.9428757, 45.8451494], [15.9427742, 45.8450212], [15.9427621, 45.8448804], [15.9427837, 45.8447128], [15.9427401, 45.8445623], [15.9426939, 45.8444497], [15.9425652, 45.8443952], [15.9424649, 45.8443453], [15.9424431, 45.8442896], [15.9424471, 45.8441832], [15.9424522, 45.844014], [15.9423513, 45.8436901], [15.9422096, 45.8432916], [15.9421422, 45.843216], [15.942177, 45.8431272], [15.9422418, 45.8430503], [15.9423048, 45.8428891], [15.9422291, 45.8427162], [15.9422281, 45.8426065], [15.94227, 45.8425162], [15.9423698, 45.8424379], [15.9426396, 45.8422942], [15.9427756, 45.8422396], [15.9425893, 45.8420064], [15.9425426, 45.8418567], [15.9426121, 45.8417655], [15.9427341, 45.8416931], [15.9428084, 45.8415969], [15.942957, 45.8415007], [15.9431754, 45.8413379], [15.9432831, 45.8412719], [15.9435675, 45.8411652], [15.9436532, 45.8411431], [15.943687, 45.8409632], [15.9437724, 45.8408405], [15.9437628, 45.8407654], [15.9436691, 45.8407468], [15.943554, 45.840763], [15.9435304, 45.8406666], [15.9435328, 45.8405633], [15.9434837, 45.8405002], [15.9434066, 45.8404903], [15.9432964, 45.8403661], [15.9432354, 45.8402783], [15.943219, 45.8401321], [15.9432268, 45.8400442], [15.9432802, 45.8398779], [15.9432611, 45.8398454], [15.9432064, 45.8397835], [15.9432494, 45.8396704], [15.9433076, 45.8396471], [15.9434343, 45.8396536], [15.9434379, 45.8395733], [15.9436145, 45.8392751], [15.9435984, 45.8391577], [15.9437995, 45.8388489], [15.9437569, 45.8387637], [15.9437249, 45.8386416], [15.943663, 45.8385196], [15.9436617, 45.8384737], [15.9437533, 45.8383461], [15.9437509, 45.838267], [15.9437027, 45.8382022], [15.9437135, 45.8381095], [15.9439344, 45.8380769], [15.9443434, 45.8380391], [15.9443734, 45.8387898], [15.9444434, 45.8389249], [15.9444199, 45.8391612], [15.9443865, 45.8393652], [15.9447411, 45.8396305], [15.945491, 45.839646], [15.9457106, 45.8398864], [15.9454455, 45.8402548], [15.9456325, 45.8405102], [15.946049, 45.8410335], [15.9461227, 45.8409323], [15.9462076, 45.8405779], [15.9461681, 45.8404435], [15.9462104, 45.8403959], [15.9464756, 45.840546], [15.9464891, 45.8407579], [15.946533, 45.8408789], [15.946653, 45.8411565], [15.9467501, 45.8413051], [15.9470845, 45.8416551], [15.947297, 45.8419296], [15.9476024, 45.8421025], [15.9482775, 45.842265], [15.9493524, 45.8426003], [15.9493697, 45.8425623], [15.9494201, 45.8425315], [15.9495844, 45.842477], [15.9498738, 45.8423666], [15.9502806, 45.8421955], [15.9504857, 45.8421252], [15.9506042, 45.8420977], [15.9506973, 45.842129], [15.9508356, 45.8421879], [15.9509431, 45.8422599], [15.951316, 45.8425408], [15.951526, 45.8427263], [15.9515474, 45.8427123], [15.9517704, 45.8428868], [15.9519555, 45.8430586], [15.9520042, 45.8431211], [15.9520479, 45.8432333], [15.9521173, 45.8433226], [15.952144, 45.8434158], [15.9521408, 45.8434598], [15.9521364, 45.8435472], [15.9521557, 45.8435853], [15.9522069, 45.8436099], [15.9522737, 45.8436218], [15.9523566, 45.8436221], [15.9524469, 45.843599], [15.9525334, 45.8435533], [15.9526313, 45.8434695], [15.9528109, 45.8432774], [15.9528568, 45.8432711], [15.952909, 45.843283], [15.952802, 45.8434888], [15.9527973, 45.8435572], [15.953096, 45.8443547], [15.9532121, 45.8448456], [15.9531117, 45.8454912], [15.9531732, 45.845525], [15.9531818, 45.8455974], [15.9530966, 45.846056], [15.953057, 45.8462617], [15.9529402, 45.8466338], [15.9529438, 45.8467561], [15.9531734, 45.8468546], [15.9531594, 45.8468776], [15.9533507, 45.8469432], [15.9535139, 45.8469601], [15.9537384, 45.8469592], [15.9542428, 45.8468661], [15.9545074, 45.8468005], [15.9547262, 45.84673], [15.9550355, 45.8466257], [15.9551885, 45.8465892], [15.9553566, 45.8465617], [15.9554372, 45.8465585], [15.9556006, 45.8465701], [15.9558203, 45.8464772], [15.9557972, 45.8464414], [15.9561742, 45.8463308], [15.9571285, 45.8460046], [15.9574549, 45.8458659], [15.957776, 45.8456756], [15.9577531, 45.8455898], [15.9579278, 45.8455605], [15.9580114, 45.8455193], [15.9582628, 45.8456224], [15.9583603, 45.8456017], [15.9586668, 45.84557], [15.9597183, 45.8451742], [15.9599231, 45.8451398], [15.9605687, 45.8462158], [15.9609318, 45.8460886], [15.9620751, 45.8457499], [15.9620416, 45.8455628], [15.9624043, 45.845531], [15.9623618, 45.8454622], [15.9630882, 45.8453216], [15.9632227, 45.8455506], [15.9631506, 45.8455772], [15.9635844, 45.8456967], [15.9640071, 45.8456603], [15.964028, 45.8457392], [15.964406, 45.8456431], [15.9647436, 45.8454827], [15.9650668, 45.8454665], [15.9650289, 45.8450287], [15.9649657, 45.8449641], [15.9649465, 45.8447739], [15.965337, 45.8447333], [15.9653188, 45.8444695], [15.9656716, 45.8444697], [15.965721, 45.8450038], [15.9660147, 45.8449956], [15.9660074, 45.8446152], [15.9665315, 45.8446125], [15.9665278, 45.844536], [15.9669062, 45.8445391], [15.967289, 45.8446446], [15.9679683, 45.8445667], [15.9677528, 45.8439746], [15.9680998, 45.8438734], [15.9683646, 45.8438614], [15.9685145, 45.8439267], [15.9687097, 45.8442192], [15.9688746, 45.8442587], [15.9690053, 45.8443255], [15.9692648, 45.8444858], [15.9695046, 45.8443963], [15.9697428, 45.8441498], [15.9696957, 45.8441328], [15.9699705, 45.8438326], [15.9700551, 45.8438746], [15.9699746, 45.8436305], [15.9697449, 45.8433499], [15.9697188, 45.8433507], [15.9696894, 45.843208], [15.9695893, 45.8432155], [15.9695808, 45.8431571], [15.9695873, 45.8430826], [15.9696244, 45.8430432], [15.9698119, 45.8429131], [15.9702236, 45.8426604], [15.9704144, 45.8425728], [15.9704514, 45.8425963], [15.9707964, 45.8424334], [15.9711111, 45.8423893], [15.9712093, 45.8424296], [15.9717366, 45.8426731], [15.9718816, 45.8425468], [15.9723182, 45.8427763], [15.9725129, 45.8428449], [15.97249, 45.8428745], [15.9728235, 45.8429823], [15.9726873, 45.8431441], [15.9729252, 45.8432434], [15.9733318, 45.842837], [15.9733934, 45.8430123], [15.9736261, 45.8427894], [15.9737702, 45.8426212], [15.9739757, 45.8425097], [15.9741917, 45.8421759], [15.9742264, 45.8424051], [15.9743996, 45.8425189], [15.9747817, 45.842574], [15.9748673, 45.8425247], [15.9749744, 45.8425572], [15.9750877, 45.8426391], [15.9755199, 45.8426168], [15.9754946, 45.8425571], [15.9755149, 45.8424701], [15.9755999, 45.8423684], [15.9756113, 45.8422798], [15.9755316, 45.842083], [15.9756363, 45.8420522], [15.9758199, 45.8421208], [15.9759931, 45.8424589], [15.9761794, 45.8428619], [15.9764017, 45.843365], [15.9765333, 45.8435382], [15.9766143, 45.8437454], [15.9767431, 45.8441688], [15.9770396, 45.8461227], [15.977077, 45.8463784], [15.9770695, 45.8465031], [15.9770498, 45.8467609], [15.9771592, 45.8474034], [15.9771443, 45.8475259], [15.9770886, 45.8477557], [15.9770419, 45.8479232], [15.976951, 45.848118], [15.9768458, 45.84827], [15.9768333, 45.848431], [15.9769649, 45.848442], [15.978921, 45.8488339], [15.9803465, 45.849071], [15.9802825, 45.8491906], [15.9801439, 45.8492462], [15.9801889, 45.8493035], [15.9800573, 45.8494706], [15.9798455, 45.8496998], [15.9796992, 45.8498578], [15.9796155, 45.8499744], [15.9795431, 45.850142], [15.9794123, 45.8503419], [15.9792545, 45.8505248], [15.9800663, 45.8505738], [15.9800615, 45.8506504], [15.979981, 45.8507873], [15.9799471, 45.8509285], [15.9799164, 45.8510971], [15.9799279, 45.8511998], [15.9799569, 45.8512889], [15.9800859, 45.8514658], [15.980212, 45.8516535], [15.9802122, 45.8517662], [15.9801848, 45.8518555], [15.9801291, 45.8519386], [15.9800358, 45.8520616], [15.9799896, 45.8521942], [15.9799699, 45.8523497], [15.9799534, 45.8524528], [15.979988, 45.8529379], [15.9799869, 45.8530646], [15.9799192, 45.8534202], [15.9799067, 45.8536648], [15.9798721, 45.8538326], [15.9798962, 45.853956], [15.9802713, 45.8551898], [15.9804319, 45.855788], [15.9808108, 45.8556083], [15.9809263, 45.8556963], [15.9809552, 45.8556384], [15.981067, 45.8557076], [15.9810797, 45.8557666], [15.9811194, 45.8559099], [15.9812818, 45.8561172], [15.9817834, 45.8566501], [15.9819999, 45.8569693], [15.982451, 45.8574279], [15.982626, 45.8575586], [15.982884, 45.8576843], [15.9834284, 45.8579221], [15.9836402, 45.8580608], [15.9835916, 45.8581098], [15.983918, 45.8582765], [15.984095, 45.8582744], [15.9840843, 45.8584729], [15.9842595, 45.8585175], [15.9856224, 45.8588977], [15.9857414, 45.8586785], [15.9863293, 45.85878], [15.9868938, 45.8588263], [15.986953, 45.8585903], [15.9870455, 45.8583315], [15.9869886, 45.85829], [15.9869214, 45.85789], [15.9872905, 45.8579217], [15.9876722, 45.8579044], [15.9879198, 45.8578273], [15.9882421, 45.8579223], [15.988371, 45.8579333], [15.9886126, 45.8580516], [15.9887676, 45.8580958], [15.9896406, 45.8583275], [15.9898181, 45.8583561], [15.990243, 45.8583953], [15.9905667, 45.8584884], [15.9906446, 45.8584988], [15.9907353, 45.8584906], [15.9909833, 45.8583998], [15.9913052, 45.8582312], [15.9919439, 45.8579168], [15.9924888, 45.857747], [15.9926962, 45.8577477], [15.9928892, 45.8577785], [15.9928661, 45.8578495], [15.9930243, 45.8582454], [15.9931134, 45.8582984], [15.9931928, 45.8583276], [15.9932636, 45.8583933], [15.9932862, 45.8584597], [15.9932937, 45.858523], [15.9932143, 45.8586632], [15.9931492, 45.8588078], [15.9931466, 45.8588419], [15.9931439, 45.858876], [15.9932822, 45.8589258], [15.9932831, 45.8592629], [15.9933923, 45.8594617], [15.9935421, 45.8596256], [15.9935567, 45.8598006], [15.9935987, 45.8598174], [15.9939394, 45.859626], [15.994188, 45.8597751], [15.9947842, 45.8603297], [15.9948537, 45.8603466], [15.9949349, 45.8603083], [15.9953517, 45.8604132], [15.9956386, 45.8605061], [15.9957866, 45.8605621], [15.9958517, 45.8604964], [15.9959997, 45.8605443], [15.9963939, 45.8600379], [15.9970076, 45.8594772], [15.9974797, 45.8590578], [15.9976481, 45.8589503], [15.9980066, 45.8586633], [15.9981597, 45.8585291], [15.9985731, 45.857956], [15.9985782, 45.8578973], [15.9989311, 45.8580504], [15.9993418, 45.8580074], [15.9999227, 45.8580647], [16.0002591, 45.8581675], [16.0009314, 45.8584308], [16.0012617, 45.8585154], [16.0016226, 45.8586392], [16.0027291, 45.8591153], [16.0039139, 45.8596947], [16.0040383, 45.8596747], [16.0046082, 45.8593151], [16.0053207, 45.8587881], [16.0057602, 45.8582876], [16.0062359, 45.8578901], [16.0083053, 45.8586139], [16.0090593, 45.8581939], [16.0094403, 45.8579004], [16.0095959, 45.8576754], [16.0099072, 45.8575471], [16.0101833, 45.8572201], [16.0099848, 45.856938], [16.0104396, 45.8565448], [16.0108173, 45.8562867], [16.0111426, 45.8561916], [16.011555, 45.8561126], [16.0122819, 45.8557281], [16.0128468, 45.8551383], [16.0129679, 45.8547305], [16.0131852, 45.8544582], [16.0133877, 45.8543157], [16.0137056, 45.8542135], [16.0144136, 45.8541348], [16.0144584, 45.8539975], [16.0148441, 45.8537398], [16.0148862, 45.8539112], [16.0152792, 45.8537857], [16.0154496, 45.853444], [16.0156721, 45.8532416], [16.0157476, 45.8529725], [16.0158435, 45.8527781], [16.0168478, 45.8524628], [16.0169206, 45.8522762], [16.0171896, 45.8520324], [16.0174783, 45.8520359], [16.0176692, 45.8521942], [16.0178127, 45.8522705], [16.017967, 45.8521394], [16.01812, 45.8519407], [16.0185113, 45.8516341], [16.0185531, 45.8515349], [16.0184055, 45.8512694], [16.0182512, 45.8510446], [16.0184875, 45.8509272], [16.0186932, 45.8507458], [16.0187832, 45.8505537], [16.018667, 45.8503473], [16.0186694, 45.8500551], [16.0189193, 45.849542], [16.0190765, 45.8495624], [16.0193559, 45.8493834], [16.0195583, 45.8486175], [16.0196739, 45.8481219], [16.0199664, 45.8477776], [16.0198739, 45.8476809], [16.0199639, 45.8474541], [16.0200512, 45.8474373], [16.0202928, 45.8474985], [16.0204124, 45.8474676], [16.0204712, 45.8474006], [16.0202424, 45.847327], [16.0203693, 45.84721], [16.0205365, 45.846976], [16.0206565, 45.8468723], [16.020909, 45.8468405], [16.0209751, 45.8467308], [16.0209746, 45.8466393], [16.0208227, 45.8466366], [16.0208698, 45.8462766], [16.0209487, 45.8461468], [16.0211423, 45.8462285], [16.0213304, 45.8463065], [16.0214362, 45.8461426], [16.0213615, 45.846057], [16.0214236, 45.8459138], [16.0215113, 45.8457955], [16.0217191, 45.8456742], [16.0219574, 45.8454776], [16.0222529, 45.8455022], [16.0224031, 45.845418], [16.0226072, 45.8453603], [16.0225894, 45.8452705], [16.0227222, 45.8451905], [16.0229725, 45.8453434], [16.0230631, 45.8453022], [16.0231439, 45.8450475], [16.0234015, 45.8451557], [16.0234974, 45.845123], [16.0235233, 45.8448745], [16.0233144, 45.8444838], [16.0233815, 45.8443458], [16.0258791, 45.8423172], [16.0266818, 45.8427049], [16.0278925, 45.8416572], [16.0279776, 45.8416149], [16.0279664, 45.8420522], [16.0280011, 45.8420848], [16.0280569, 45.8421074], [16.0280903, 45.8421161], [16.0281516, 45.8421089], [16.0282889, 45.8420281], [16.0283375, 45.8419872], [16.0283484, 45.8419547], [16.0284737, 45.8419415], [16.0285896, 45.8424231], [16.0286891, 45.8429228], [16.0287758, 45.8434146], [16.0287917, 45.8435074], [16.0288535, 45.8439889], [16.0288645, 45.8443206], [16.0288352, 45.8445213], [16.0287322, 45.8447503], [16.0284259, 45.8453149], [16.0286371, 45.8453658], [16.0287427, 45.8453046], [16.0291894, 45.8453831], [16.0291046, 45.8454219], [16.0290897, 45.8454712], [16.0290819, 45.8455871], [16.0290676, 45.8457203], [16.0290162, 45.8459705], [16.0290453, 45.8461464], [16.0290798, 45.8464603], [16.0291114, 45.8468003], [16.0291984, 45.8469477], [16.0294208, 45.8471798], [16.029639, 45.8474254], [16.0297087, 45.8481411], [16.0297859, 45.8486291], [16.0295361, 45.8490166], [16.0293928, 45.8492452], [16.0291883, 45.8495675], [16.0290678, 45.8498391], [16.0290757, 45.8499768], [16.0288025, 45.8500849], [16.0287093, 45.8502129], [16.0285934, 45.8503092], [16.0284463, 45.8505925], [16.0281772, 45.8509093], [16.0279899, 45.8511193], [16.0277629, 45.8513372], [16.0274706, 45.8518675], [16.0272795, 45.852264], [16.0269559, 45.8531557], [16.026891, 45.8532766], [16.0267808, 45.8534274], [16.0262897, 45.8538838], [16.0262345, 45.8539821], [16.0261539, 45.8542088], [16.0260769, 45.8542965], [16.0259305, 45.854448], [16.0257056, 45.8548294], [16.0256886, 45.8549254], [16.0257303, 45.8550498], [16.0258944, 45.8553682], [16.0259104, 45.8554753], [16.0259233, 45.8556632], [16.0260132, 45.855827], [16.0261475, 45.8559196], [16.0259859, 45.8560746], [16.0259732, 45.8561462], [16.0260676, 45.8563968], [16.0261298, 45.8564205], [16.0262026, 45.8564357], [16.0262505, 45.8564539], [16.0262809, 45.8564696], [16.026295, 45.8564945], [16.026274, 45.85652], [16.0261818, 45.8565363], [16.0260275, 45.8566571], [16.0258598, 45.8567588], [16.025835, 45.8568168], [16.0258597, 45.8568841], [16.0259885, 45.8569604], [16.0258626, 45.857216], [16.0258672, 45.8573778], [16.0255664, 45.8576326], [16.0253732, 45.8578877], [16.0251214, 45.8582763], [16.0249788, 45.8584939], [16.0249385, 45.8586626], [16.0246571, 45.8590806], [16.0247106, 45.8591739], [16.0245322, 45.8596241], [16.0243443, 45.8598184], [16.0241809, 45.8601687], [16.0241932, 45.8602619], [16.0246193, 45.8604887], [16.0246184, 45.860655], [16.024873, 45.8606574], [16.025015, 45.8607546], [16.0251545, 45.8613162], [16.0254115, 45.8615533], [16.0255443, 45.8617305], [16.0256877, 45.8617729], [16.0257485, 45.8618995], [16.0257118, 45.8620788], [16.0261949, 45.8631666], [16.0261761, 45.8635295], [16.0258404, 45.8638471], [16.0258378, 45.8640523], [16.0258062, 45.8644212], [16.0258816, 45.8645133], [16.0257183, 45.8645921], [16.0256918, 45.8646329], [16.0258356, 45.8648456], [16.0258171, 45.8651948], [16.025715, 45.8654293], [16.0259437, 45.8656334], [16.026219, 45.8658828], [16.0261864, 45.8660076], [16.0262302, 45.8662151], [16.0267813, 45.8666606], [16.0270195, 45.867192], [16.0271136, 45.8679693], [16.0270038, 45.8680483], [16.0268858, 45.8681853], [16.0268188, 45.868528], [16.0263608, 45.8692421], [16.0259597, 45.8698185], [16.0257162, 45.8699552], [16.0255467, 45.8701218], [16.0252002, 45.8703753], [16.0241041, 45.8707627], [16.0234024, 45.8715614], [16.0230937, 45.8717424], [16.0229821, 45.8718368], [16.0228971, 45.8719348], [16.022774, 45.8721026], [16.0224528, 45.8728056], [16.0225542, 45.8730161], [16.0253296, 45.8736303], [16.0254184, 45.8733959], [16.0257384, 45.8735203], [16.0266914, 45.8743436], [16.0266735, 45.8744228], [16.0284386, 45.874678], [16.028377, 45.8746039], [16.028974, 45.8746998], [16.0297025, 45.8747494], [16.0302351, 45.8747278], [16.0302335, 45.8746588], [16.0311391, 45.8746132], [16.0323306, 45.8745002], [16.0326512, 45.8747535], [16.0332365, 45.8748786], [16.0333457, 45.8759995], [16.0334934, 45.8759949], [16.0335221, 45.8761295], [16.0334716, 45.8762443], [16.0333319, 45.8762386], [16.033282, 45.8763071], [16.0334019, 45.8764928], [16.0335467, 45.8765762], [16.0336099, 45.8766814], [16.0335229, 45.876731], [16.0333376, 45.8767564], [16.0331904, 45.8767154], [16.0330209, 45.8767129], [16.0329864, 45.8768966], [16.0328039, 45.8771203], [16.0328077, 45.8774199], [16.032645, 45.8777571], [16.0331697, 45.8781709], [16.0332008, 45.8783214], [16.0330618, 45.8786471], [16.0330736, 45.8787132], [16.0329403, 45.8788945], [16.032732, 45.8790445], [16.0326383, 45.8791353], [16.0325474, 45.8793045], [16.0325359, 45.8795348], [16.0343731, 45.8795042], [16.0343891, 45.8796998], [16.0345678, 45.8803168], [16.0347163, 45.8806409], [16.0349577, 45.8809573], [16.0351668, 45.8813003], [16.0353003, 45.8816128], [16.0352984, 45.8817884], [16.0352622, 45.8818989], [16.0351984, 45.8821036], [16.0351786, 45.8822326], [16.035219, 45.8824132], [16.0353538, 45.8829256], [16.0354827, 45.8830544], [16.035721, 45.8833965], [16.0359552, 45.8835819], [16.0365861, 45.8836845], [16.0369666, 45.8836976], [16.0375831, 45.8836677], [16.0380649, 45.8836154], [16.038098, 45.8835611], [16.0381427, 45.8835185], [16.0382958, 45.8835], [16.038515, 45.8835076], [16.0388016, 45.8836051], [16.0389791, 45.8837463], [16.0388951, 45.883823], [16.0385519, 45.884017], [16.038282, 45.8840445], [16.0391087, 45.8847321], [16.0388526, 45.8848348], [16.0389221, 45.8853439], [16.0385185, 45.8853788], [16.0384736, 45.8856243], [16.0376163, 45.8861273], [16.0374911, 45.8866576], [16.0374167, 45.8867822], [16.0373635, 45.8870481], [16.0372705, 45.8874386], [16.0378697, 45.8873503], [16.0378335, 45.8875209], [16.0381324, 45.8875828], [16.0381568, 45.8875252], [16.0383412, 45.8875258], [16.0386634, 45.8875732], [16.0385042, 45.8880789], [16.0385847, 45.8880624], [16.0387608, 45.8880925], [16.0392102, 45.888052], [16.0391929, 45.8881119], [16.0393801, 45.8881179], [16.0396291, 45.8881603], [16.0398756, 45.8882525], [16.04, 45.8880705], [16.0405453, 45.888308], [16.0407319, 45.8880806], [16.041026, 45.8882281], [16.0413154, 45.8882975], [16.0413556, 45.888446], [16.0416995, 45.8890621], [16.0417278, 45.889482], [16.0414665, 45.8897606], [16.0412776, 45.8898823], [16.0413672, 45.8901747], [16.0409192, 45.8902481], [16.0404883, 45.890316], [16.0399903, 45.8902317], [16.0397625, 45.8903659], [16.0390341, 45.8905524], [16.03874, 45.890582], [16.0385816, 45.8906408], [16.0386974, 45.8908319], [16.0387091, 45.8916952], [16.0391711, 45.8918262], [16.0390033, 45.8919971], [16.0384507, 45.892107], [16.0382601, 45.8923907], [16.03937, 45.8927671], [16.039246, 45.893005], [16.0399104, 45.8933184], [16.0402411, 45.8933756], [16.0403269, 45.8934697], [16.0410128, 45.8934578], [16.0410211, 45.8935528], [16.0411253, 45.8936752], [16.0416385, 45.8941058], [16.0420378, 45.8943867], [16.042479, 45.8945376], [16.0426163, 45.8946717], [16.0425343, 45.8951791], [16.0425736, 45.895463], [16.0425463, 45.8956499], [16.0424473, 45.8960621], [16.0426532, 45.8964832], [16.0427582, 45.8967908], [16.0425853, 45.8974739], [16.0427166, 45.897954], [16.042618, 45.898361], [16.0424786, 45.8991485], [16.0428766, 45.8995767], [16.0429542, 45.8996921], [16.0429716, 45.8997716], [16.042902, 45.900025], [16.0424844, 45.9007071], [16.0423102, 45.9008929], [16.0418892, 45.901224], [16.0416235, 45.9014479], [16.0415503, 45.9015581], [16.0415735, 45.9018499], [16.0415865, 45.9022893], [16.041677, 45.9024461], [16.0421377, 45.9029475], [16.042499, 45.9032116], [16.0430327, 45.90377], [16.0431949, 45.9040646], [16.0433445, 45.904405], [16.043358, 45.9045937], [16.0432901, 45.9047828], [16.0430133, 45.9053299], [16.0429833, 45.9054636], [16.0429709, 45.9056261], [16.0429709, 45.9058558], [16.0429757, 45.9063605], [16.0431522, 45.9066501], [16.0431746, 45.9067626], [16.0436966, 45.9070624], [16.043977, 45.9072579], [16.0446521, 45.9078321], [16.0449086, 45.9081621], [16.0451966, 45.9083373], [16.0454459, 45.9087141], [16.0455773, 45.9088242], [16.0457878, 45.9089503], [16.0460041, 45.909023], [16.0462242, 45.9090672], [16.0464079, 45.9090729], [16.0466476, 45.9091505], [16.0468574, 45.9092912], [16.0470348, 45.9095057], [16.0471401, 45.9097766], [16.0473687, 45.910234], [16.0478315, 45.9109791], [16.0479932, 45.9112184], [16.0483022, 45.9114927], [16.0487225, 45.9117175], [16.0491616, 45.9122948], [16.0493402, 45.9125418], [16.0493921, 45.9126841], [16.0493848, 45.9130569], [16.0495458, 45.91306], [16.0493528, 45.9141673], [16.0493965, 45.9144229], [16.0494689, 45.9144135], [16.0500138, 45.9147502], [16.0495451, 45.9154941], [16.0497541, 45.9158064], [16.0495579, 45.9164007], [16.0495651, 45.9165581], [16.0492957, 45.9169535], [16.0492278, 45.9171946], [16.0493074, 45.917366], [16.0493889, 45.917625], [16.0490636, 45.9181711], [16.0488778, 45.9184907], [16.0488442, 45.9191495], [16.0489402, 45.9204091], [16.0489939, 45.9208954], [16.049088, 45.921104], [16.0493438, 45.9213973], [16.0502275, 45.9218773], [16.0501764, 45.9221887], [16.049984, 45.9229271], [16.0499508, 45.9233209], [16.0501339, 45.9238114], [16.0502045, 45.9246963], [16.0500863, 45.925208], [16.0502786, 45.9255871], [16.0504247, 45.9259685], [16.0511292, 45.9266467], [16.0512696, 45.9268069], [16.0513143, 45.9269656], [16.0512347, 45.9272203], [16.0509985, 45.9276482], [16.0508271, 45.9281847], [16.0503581, 45.9286205], [16.0501094, 45.928744], [16.0496321, 45.9288259], [16.0493282, 45.9289521], [16.0490513, 45.9291677], [16.0485208, 45.9292981], [16.0481022, 45.9295966], [16.0478237, 45.9298959], [16.0468877, 45.931502], [16.0467274, 45.9320279], [16.0467671, 45.9325212], [16.0467694, 45.9335953], [16.0463511, 45.9341823], [16.0460198, 45.9344687], [16.0460067, 45.9346103], [16.0464434, 45.9353243], [16.046916, 45.9359209], [16.0470376, 45.9359522], [16.0472176, 45.9359279], [16.0473282, 45.9359568], [16.04766, 45.9363937], [16.0473685, 45.9367506], [16.0473133, 45.9371462], [16.0474263, 45.9376733]]]}}, {"type": "Feature", "properties": {"name": "Podsused - Vrap\u010de", "osmId": 3174275, "population": 44910}, "geometry": {"type": "Polygon", "coordinates": [[[15.9174488, 45.8879356], [15.914214, 45.8877844], [15.913537, 45.8876571], [15.9124434, 45.8873554], [15.9114185, 45.8868625], [15.9098871, 45.8866042], [15.9089575, 45.8867537], [15.9088061, 45.8864821], [15.9083709, 45.8859407], [15.907907, 45.885787], [15.9071082, 45.8860788], [15.9061403, 45.886318], [15.9047258, 45.8860346], [15.903586, 45.8854167], [15.9022333, 45.8841808], [15.9005923, 45.8820915], [15.900331, 45.8817669], [15.8996405, 45.881704], [15.8980748, 45.8818421], [15.8973709, 45.8816976], [15.8966752, 45.8812401], [15.8950545, 45.8797781], [15.8933841, 45.877683], [15.8926912, 45.8775821], [15.8916053, 45.8769636], [15.8904746, 45.8761947], [15.890046, 45.875708], [15.8896996, 45.8748153], [15.8892336, 45.8733231], [15.888974, 45.8722197], [15.8885762, 45.8710579], [15.8883389, 45.8699528], [15.8881032, 45.8697917], [15.8869715, 45.8693509], [15.886619, 45.8688883], [15.8863021, 45.8682155], [15.8859332, 45.8675958], [15.8859712, 45.8659748], [15.8859214, 45.865766], [15.8857387, 45.8654611], [15.8857423, 45.865204], [15.8858154, 45.8649476], [15.8861161, 45.8646562], [15.8866302, 45.8643321], [15.8868274, 45.8638486], [15.8868806, 45.8635541], [15.8868204, 45.8632965], [15.8865755, 45.8629823], [15.8862295, 45.8626983], [15.88596, 45.8625875], [15.8857625, 45.8625109], [15.8854198, 45.8621976], [15.8851231, 45.8623729], [15.8849385, 45.8625145], [15.8846116, 45.8625264], [15.8841352, 45.8623907], [15.88379, 45.8622334], [15.8836014, 45.8620131], [15.8830404, 45.8619549], [15.8826425, 45.8620627], [15.8816292, 45.8628862], [15.8808698, 45.8634441], [15.8803616, 45.8642985], [15.8796198, 45.8645133], [15.8786158, 45.8652265], [15.8779603, 45.8653294], [15.8774374, 45.865308], [15.8773253, 45.8649192], [15.8783286, 45.8642117], [15.8789495, 45.8632684], [15.8786259, 45.8627075], [15.8773028, 45.861656], [15.8770593, 45.8617955], [15.8767066, 45.8618674], [15.876329, 45.8617999], [15.8760713, 45.8616902], [15.8756652, 45.8614031], [15.8758683, 45.8621142], [15.8752606, 45.8621217], [15.874671, 45.8617661], [15.873916, 45.8611502], [15.8736859, 45.8604291], [15.8737003, 45.8600986], [15.8737247, 45.8596172], [15.8740161, 45.8592626], [15.8753855, 45.8584327], [15.8764272, 45.8580341], [15.8745545, 45.857551], [15.8743069, 45.8575447], [15.8740958, 45.8576398], [15.8738496, 45.8578215], [15.8735636, 45.8577749], [15.8739016, 45.8553911], [15.8734989, 45.8546699], [15.8715718, 45.8540389], [15.87141, 45.8544746], [15.8706082, 45.8547275], [15.8694002, 45.8544646], [15.8680699, 45.8544133], [15.8666533, 45.8530573], [15.8654453, 45.8530172], [15.8640503, 45.8524763], [15.8611775, 45.8533087], [15.8607137, 45.8532676], [15.8600291, 45.852889], [15.8595145, 45.8527218], [15.8591893, 45.8528269], [15.859245, 45.8536608], [15.859592, 45.8543594], [15.8592396, 45.8551607], [15.8582545, 45.8550005], [15.8572298, 45.8539563], [15.8547539, 45.8540054], [15.8528905, 45.8528967], [15.8525313, 45.8529238], [15.8518865, 45.8530458], [15.8514056, 45.8527578], [15.8505312, 45.8513386], [15.8509018, 45.8498188], [15.8507383, 45.8494193], [15.8512975, 45.8482991], [15.8500363, 45.8484393], [15.8496112, 45.8474727], [15.8490061, 45.8472318], [15.8485587, 45.8469994], [15.8480047, 45.8463633], [15.8468437, 45.8460019], [15.8461178, 45.8457509], [15.8451798, 45.8451665], [15.8447899, 45.8446474], [15.8447409, 45.8439764], [15.8445346, 45.8429244], [15.845662, 45.8410831], [15.844749, 45.8410276], [15.8414643, 45.8400052], [15.8410135, 45.8397688], [15.8403352, 45.8395932], [15.839405, 45.8398002], [15.8380421, 45.8403979], [15.8374643, 45.8406677], [15.8373919, 45.8405839], [15.83644, 45.8407991], [15.8358401, 45.8408135], [15.8349093, 45.8409503], [15.8338546, 45.8410458], [15.8331639, 45.841129], [15.8323808, 45.8413253], [15.8319096, 45.8415308], [15.8318394, 45.8416055], [15.831389, 45.8416315], [15.83127, 45.8416193], [15.830905, 45.8416426], [15.8307057, 45.8417165], [15.8304752, 45.8415605], [15.8299224, 45.8419051], [15.829381, 45.842065], [15.8293206, 45.8416739], [15.8292175, 45.8414234], [15.8290659, 45.8411686], [15.8286507, 45.8407923], [15.8284392, 45.8405327], [15.8279966, 45.8402254], [15.8272418, 45.8399033], [15.8264753, 45.839724], [15.8257755, 45.8396737], [15.8247238, 45.8396065], [15.8231619, 45.8394535], [15.8226471, 45.839276], [15.8221808, 45.8389885], [15.821712, 45.8382953], [15.8217174, 45.8380106], [15.8218752, 45.837734], [15.8221301, 45.8375377], [15.8230401, 45.837113], [15.8241356, 45.8367026], [15.824234, 45.8365462], [15.824289, 45.8363578], [15.8242401, 45.836143], [15.8241504, 45.8359424], [15.8239966, 45.8357474], [15.8233836, 45.83507], [15.8230868, 45.8348553], [15.822096, 45.8342053], [15.8220069, 45.8340855], [15.8218146, 45.8336465], [15.8217694, 45.8333095], [15.8217772, 45.8330706], [15.8218093, 45.8329459], [15.822051, 45.8325909], [15.8225941, 45.8319827], [15.8227362, 45.8317819], [15.8228982, 45.8313901], [15.8231122, 45.8304289], [15.8233066, 45.8297176], [15.8234193, 45.8287707], [15.8234678, 45.8283446], [15.8236037, 45.8277788], [15.8235407, 45.8268404], [15.8230948, 45.825317], [15.8235431, 45.8251323], [15.8237479, 45.824817], [15.8238275, 45.8241815], [15.8238656, 45.8235524], [15.8243777, 45.8228701], [15.8245198, 45.8224142], [15.8250207, 45.8220681], [15.8253278, 45.8217784], [15.8254025, 45.8213767], [15.8263925, 45.8201207], [15.8266428, 45.8200846], [15.8268809, 45.819872], [15.8269926, 45.8197104], [15.8271226, 45.8194465], [15.8273967, 45.8190741], [15.8276565, 45.8188159], [15.8277246, 45.81858], [15.8296709, 45.8155341], [15.8297085, 45.815114], [15.8312174, 45.8133673], [15.8312492, 45.8133305], [15.8315661, 45.8129894], [15.8325311, 45.8118947], [15.833582, 45.8105911], [15.8347642, 45.8093507], [15.8355693, 45.8085866], [15.8367571, 45.8075237], [15.8372212, 45.8071844], [15.837807, 45.8067779], [15.8391891, 45.8058032], [15.8405032, 45.8049318], [15.8417433, 45.8040166], [15.8424621, 45.8034243], [15.8430387, 45.8028854], [15.8435645, 45.8023384], [15.8440815, 45.8017853], [15.8445557, 45.8012087], [15.8454707, 45.8000254], [15.8465622, 45.7986488], [15.8476537, 45.7972968], [15.849799, 45.7981846], [15.8510697, 45.7987043], [15.8519771, 45.799088], [15.8527485, 45.8006471], [15.8573593, 45.8018608], [15.8578154, 45.8035384], [15.8578655, 45.803685], [15.8582345, 45.8049759], [15.8586831, 45.8065619], [15.8595981, 45.809876], [15.8602954, 45.8124018], [15.8611733, 45.8130677], [15.8627175, 45.8131983], [15.8629185, 45.813302], [15.8632049, 45.8135585], [15.8633541, 45.8138435], [15.8669948, 45.8137191], [15.8681459, 45.8136322], [15.8685875, 45.8135859], [15.8693062, 45.8135373], [15.8697036, 45.8135105], [15.8703052, 45.8134711], [15.8712539, 45.813409], [15.8724829, 45.8132932], [15.8728176, 45.8132874], [15.8728629, 45.8136432], [15.8750728, 45.813524], [15.8759332, 45.8134539], [15.8780254, 45.8133245], [15.8928978, 45.8125594], [15.8944374, 45.8124823], [15.8944378, 45.8126044], [15.8964404, 45.8125798], [15.8962456, 45.812377], [15.8998607, 45.8121821], [15.9051473, 45.811926], [15.9053562, 45.8119401], [15.9064587, 45.8118529], [15.9067939, 45.8117986], [15.9071836, 45.8117693], [15.9089724, 45.8116694], [15.911039, 45.8115503], [15.911831, 45.8115046], [15.9171022, 45.8111925], [15.9169123, 45.8116033], [15.9168505, 45.812585], [15.9167648, 45.8128208], [15.9164352, 45.8127906], [15.9158974, 45.8133015], [15.9156025, 45.8145424], [15.915275, 45.8145136], [15.9151297, 45.8147676], [15.9151276, 45.8149021], [15.9150083, 45.8150139], [15.9150191, 45.8153948], [15.9150257, 45.8156321], [15.9149671, 45.8158256], [15.9147784, 45.8160644], [15.9147568, 45.8164543], [15.914991, 45.816684], [15.9148739, 45.8169682], [15.9146874, 45.8170739], [15.9145312, 45.8170951], [15.9142276, 45.8170558], [15.9140325, 45.8170588], [15.9139414, 45.8171193], [15.9139501, 45.817349], [15.9139024, 45.8175183], [15.9135988, 45.8178871], [15.9128138, 45.8179838], [15.9133201, 45.8188422], [15.9135164, 45.8188815], [15.9136671, 45.8189404], [15.9138243, 45.8191717], [15.9139978, 45.8193848], [15.9141691, 45.8195147], [15.9143914, 45.8196591], [15.9144987, 45.819755], [15.9139521, 45.8200174], [15.9130752, 45.8199367], [15.9123109, 45.8202843], [15.912681, 45.8207077], [15.9136344, 45.8212992], [15.9130767, 45.8216994], [15.9133089, 45.8231289], [15.9135043, 45.8240314], [15.9137727, 45.8246907], [15.9140476, 45.8254517], [15.9141016, 45.8259546], [15.9141106, 45.8265604], [15.9138057, 45.8270916], [15.9116866, 45.8286744], [15.9115122, 45.8288252], [15.9114095, 45.8288757], [15.9113189, 45.8288984], [15.9111901, 45.8289017], [15.9111856, 45.829006], [15.91116, 45.8291353], [15.9110885, 45.8292932], [15.9103844, 45.8298807], [15.9103616, 45.8300184], [15.9103843, 45.8302243], [15.9104938, 45.8303868], [15.9106339, 45.8305098], [15.9107402, 45.8306835], [15.9108905, 45.8314143], [15.9111976, 45.8317677], [15.9112991, 45.8323239], [15.911398, 45.8326835], [15.9115171, 45.8328764], [15.9116942, 45.8329736], [15.9119243, 45.8331074], [15.9120376, 45.8333486], [15.9121878, 45.8336864], [15.9121834, 45.8346183], [15.9116041, 45.8353831], [15.911126, 45.8360792], [15.9115954, 45.8364919], [15.9120342, 45.8377585], [15.9117755, 45.8387855], [15.9116183, 45.8395482], [15.9119846, 45.8403289], [15.9125201, 45.8410314], [15.9125369, 45.8414519], [15.91204, 45.841839], [15.9114034, 45.8425175], [15.9111402, 45.8432243], [15.9107291, 45.8432588], [15.9098808, 45.8433299], [15.9089915, 45.8425342], [15.908301, 45.8427044], [15.9076862, 45.8412436], [15.9072242, 45.8435527], [15.9064832, 45.8436148], [15.9060609, 45.8442472], [15.9060441, 45.8447987], [15.90492, 45.8454108], [15.9047809, 45.8449277], [15.9030732, 45.8444648], [15.9003247, 45.8428089], [15.8998545, 45.844036], [15.9001444, 45.8458376], [15.9009206, 45.8468289], [15.9016105, 45.8486611], [15.9029041, 45.8503431], [15.9056639, 45.8518448], [15.9076043, 45.8529561], [15.9090273, 45.8536168], [15.9105796, 45.8548782], [15.9109246, 45.8562597], [15.911442, 45.8577612], [15.911787, 45.858512], [15.9115714, 45.859443], [15.9113127, 45.8600736], [15.9111802, 45.8606534], [15.9104935, 45.8613333], [15.9095279, 45.8619983], [15.9091135, 45.8627762], [15.9085098, 45.8637371], [15.9053885, 45.8661487], [15.9041812, 45.8674699], [15.9038362, 45.8683706], [15.9046124, 45.8693314], [15.9052161, 45.8720336], [15.9056473, 45.8737749], [15.9056473, 45.8760566], [15.9065959, 45.8773175], [15.9081483, 45.8779779], [15.9093557, 45.8779179], [15.9101318, 45.8792988], [15.9114254, 45.8810399], [15.9124603, 45.8819405], [15.9142459, 45.8834548], [15.9156661, 45.8845585], [15.9165365, 45.8847233], [15.9177159, 45.8853062], [15.9181863, 45.8854923], [15.9174488, 45.8879356]]]}}, {"type": "Feature", "properties": {"name": "Sesvete", "osmId": 3173895, "population": 70800}, "geometry": {"type": "Polygon", "coordinates": [[[16.201616, 45.807991], [16.2024654, 45.8104035], [16.2026432, 45.8103654], [16.2027229, 45.8105466], [16.202368, 45.8106212], [16.2025301, 45.8128688], [16.2021494, 45.8137183], [16.2019288, 45.8149837], [16.2015044, 45.8167217], [16.2013132, 45.81722], [16.2003198, 45.8179019], [16.1997088, 45.8193409], [16.1999021, 45.8200029], [16.2002742, 45.820949], [16.201824, 45.8214863], [16.2021626, 45.8216918], [16.202201, 45.8220019], [16.202675, 45.8226691], [16.2033039, 45.8230119], [16.2039435, 45.8238625], [16.204508, 45.8245648], [16.2046396, 45.8250092], [16.2046828, 45.826014], [16.2044904, 45.8267599], [16.2044339, 45.8276857], [16.2045818, 45.828803], [16.2045751, 45.8292378], [16.2049608, 45.8291957], [16.2052587, 45.8291072], [16.2056107, 45.8293787], [16.205882, 45.8293901], [16.2066197, 45.8296548], [16.2069007, 45.8297204], [16.2074362, 45.8297724], [16.2076875, 45.829891], [16.2079413, 45.8302995], [16.2080767, 45.8303917], [16.2081925, 45.8303973], [16.2089883, 45.8306214], [16.2096469, 45.8312206], [16.2099177, 45.8315079], [16.2100556, 45.8317993], [16.2103323, 45.8322168], [16.211172, 45.83335], [16.2111089, 45.8337954], [16.2112771, 45.8342105], [16.2113761, 45.8341967], [16.2116231, 45.8342188], [16.2118164, 45.8343653], [16.2121799, 45.8344335], [16.212346, 45.8345354], [16.2127781, 45.8346104], [16.2132601, 45.8353539], [16.2136454, 45.8351992], [16.2139606, 45.8351669], [16.2142587, 45.8350868], [16.2143606, 45.8355267], [16.2150251, 45.8373394], [16.2153381, 45.8374075], [16.2160396, 45.8377462], [16.216231, 45.8385634], [16.2171998, 45.8386862], [16.2175475, 45.838612], [16.2179485, 45.8383133], [16.2182533, 45.8383144], [16.2188412, 45.8386785], [16.2189439, 45.8387067], [16.2191753, 45.8386486], [16.2195027, 45.8387212], [16.2197665, 45.8386493], [16.2201489, 45.8387362], [16.2204687, 45.8385944], [16.2214147, 45.8383969], [16.2227126, 45.8381826], [16.223591, 45.8377618], [16.2240609, 45.8374451], [16.2241781, 45.8374204], [16.2244392, 45.8375389], [16.2246084, 45.8374947], [16.2250862, 45.837189], [16.2254536, 45.8372324], [16.2255823, 45.8372871], [16.2256897, 45.8373996], [16.225821, 45.8373156], [16.2258653, 45.8372328], [16.2258035, 45.8369894], [16.225914, 45.8368466], [16.2260961, 45.8367705], [16.226479, 45.836796], [16.2269195, 45.8368385], [16.227133, 45.8369995], [16.2274569, 45.837063], [16.2275719, 45.8371429], [16.2276608, 45.8373928], [16.2277355, 45.8374514], [16.2278187, 45.8374816], [16.2281387, 45.8374846], [16.2284947, 45.8371585], [16.2287808, 45.837096], [16.2291632, 45.8370766], [16.2294663, 45.8369902], [16.2299456, 45.8369584], [16.2304527, 45.8368152], [16.2308657, 45.8367409], [16.2314672, 45.8365288], [16.2317238, 45.8366928], [16.2317225, 45.8369541], [16.2318352, 45.8370368], [16.2323944, 45.8369908], [16.2326448, 45.8372413], [16.2329345, 45.8373058], [16.2340551, 45.8370925], [16.2344292, 45.8367673], [16.2348315, 45.8366368], [16.234931, 45.8364946], [16.2347385, 45.8361161], [16.2348823, 45.836024], [16.235381, 45.8360292], [16.2355714, 45.8362255], [16.2359008, 45.8362226], [16.2362243, 45.8363042], [16.236366, 45.8363036], [16.2364203, 45.8362509], [16.2365923, 45.8359738], [16.2371789, 45.8358137], [16.2372607, 45.835845], [16.2373182, 45.8360074], [16.2373847, 45.8361588], [16.2373477, 45.8362628], [16.237438, 45.8364001], [16.2381245, 45.8365599], [16.2386222, 45.836581], [16.2387935, 45.8366458], [16.2388706, 45.8367335], [16.2388796, 45.8368795], [16.2390344, 45.8370405], [16.2392362, 45.8370309], [16.2394392, 45.8368846], [16.2394727, 45.837006], [16.2395138, 45.83722], [16.2395548, 45.837434], [16.239453, 45.8375081], [16.2391028, 45.8376453], [16.238911, 45.837825], [16.2388541, 45.8378454], [16.2387318, 45.8378392], [16.2386136, 45.8378623], [16.2385229, 45.8379326], [16.2384353, 45.8382426], [16.2383374, 45.8386749], [16.2381938, 45.8387481], [16.237946, 45.8387586], [16.2378894, 45.8387136], [16.2378674, 45.8384688], [16.2378421, 45.8383312], [16.2377902, 45.8382631], [16.2377078, 45.8382357], [16.2376476, 45.8382413], [16.2375879, 45.8382851], [16.2374774, 45.83853], [16.2373407, 45.8386025], [16.2372066, 45.8386487], [16.2370804, 45.8386485], [16.2368813, 45.8386218], [16.2367878, 45.8386353], [16.2365793, 45.8387073], [16.236498, 45.8387125], [16.2363244, 45.8386744], [16.2361675, 45.8386575], [16.2361216, 45.838666], [16.236045, 45.8387132], [16.2359109, 45.8388609], [16.2358238, 45.839305], [16.2357681, 45.8394095], [16.2356374, 45.8395247], [16.2355416, 45.8395492], [16.2354253, 45.8395427], [16.2353018, 45.8394891], [16.2352142, 45.8394004], [16.2350326, 45.8392165], [16.2349841, 45.8390938], [16.2349164, 45.8389226], [16.2347966, 45.8388708], [16.2347104, 45.8388929], [16.2346662, 45.8389767], [16.2345939, 45.8390929], [16.2344721, 45.8391543], [16.2344751, 45.8391859], [16.2342377, 45.8391561], [16.2339746, 45.8390473], [16.2338928, 45.839059], [16.2338652, 45.8390865], [16.2338525, 45.8393664], [16.2337633, 45.8395918], [16.2337884, 45.8398896], [16.2336908, 45.8399907], [16.2335378, 45.8399918], [16.2332664, 45.839921], [16.2329685, 45.8399791], [16.2322966, 45.8398048], [16.2322457, 45.839783], [16.2320657, 45.8395939], [16.2320222, 45.8395979], [16.2318823, 45.8397295], [16.231827, 45.8399379], [16.2319205, 45.8401834], [16.2317768, 45.8403519], [16.2315802, 45.8404011], [16.2314881, 45.8403697], [16.2314156, 45.8401992], [16.2312245, 45.8400729], [16.2311619, 45.8402403], [16.2311844, 45.8404187], [16.2311847, 45.8405858], [16.2310419, 45.840687], [16.2308019, 45.8407513], [16.2304794, 45.8407465], [16.2303523, 45.8407811], [16.2301952, 45.8409659], [16.2301024, 45.8409765], [16.2297844, 45.840904], [16.2296619, 45.8409381], [16.2295079, 45.8411432], [16.2293601, 45.8413115], [16.2293035, 45.8413335], [16.2292368, 45.8413287], [16.2291721, 45.8413001], [16.2288637, 45.8411813], [16.2287862, 45.8411681], [16.2287144, 45.8411827], [16.2278948, 45.8414973], [16.2288274, 45.8463502], [16.2275084, 45.8465908], [16.2271567, 45.8466661], [16.2268876, 45.8469408], [16.2265822, 45.8469488], [16.2266633, 45.848163], [16.2264727, 45.848675], [16.2258411, 45.8486861], [16.2247509, 45.8487555], [16.2246498, 45.8489631], [16.2244788, 45.8490278], [16.2229887, 45.8486829], [16.2224642, 45.849697], [16.2228727, 45.8497557], [16.2226994, 45.8502911], [16.2224335, 45.8507373], [16.2222397, 45.8512036], [16.2220215, 45.8518987], [16.222002, 45.8525646], [16.2222651, 45.8526696], [16.2215828, 45.8530384], [16.2214864, 45.8531988], [16.2205117, 45.8534405], [16.2205626, 45.8535157], [16.2203916, 45.8535948], [16.220395, 45.8537071], [16.2202286, 45.8537203], [16.2207422, 45.8539738], [16.2209145, 45.8541075], [16.2213706, 45.8545038], [16.2216467, 45.8546892], [16.2218762, 45.8547482], [16.2219581, 45.8548033], [16.2221201, 45.8549867], [16.2226131, 45.8554729], [16.2230372, 45.8557776], [16.2237094, 45.8562089], [16.2240138, 45.8563845], [16.2242913, 45.8565261], [16.2249821, 45.8567403], [16.2261213, 45.8571717], [16.2263895, 45.8573204], [16.2266532, 45.8574963], [16.2269436, 45.8577004], [16.2271528, 45.8579226], [16.2273504, 45.8581177], [16.2274986, 45.8582171], [16.2276132, 45.858277], [16.2268478, 45.8588195], [16.2269781, 45.8588752], [16.2272213, 45.8594318], [16.2276273, 45.8599346], [16.2276843, 45.8600505], [16.2277279, 45.8601164], [16.2277993, 45.860288], [16.227887, 45.8604442], [16.2278824, 45.8607197], [16.2278044, 45.8611447], [16.2276352, 45.8614301], [16.2275516, 45.8614982], [16.2275755, 45.8616143], [16.2275513, 45.8617302], [16.2272631, 45.8618542], [16.227143, 45.8619102], [16.2271586, 45.8620008], [16.227076, 45.8620907], [16.2262387, 45.862436], [16.2258873, 45.8626814], [16.2248768, 45.8633707], [16.2237836, 45.8641642], [16.2227335, 45.864914], [16.2214101, 45.8658382], [16.2205538, 45.8664348], [16.2179578, 45.8682347], [16.2155288, 45.8699819], [16.2150644, 45.8705652], [16.2137612, 45.8722628], [16.2127021, 45.8736464], [16.2111756, 45.8756363], [16.2100617, 45.8770741], [16.209617, 45.8776365], [16.2094136, 45.8778512], [16.2088249, 45.8782526], [16.207365, 45.8792353], [16.20564, 45.8805104], [16.2055757, 45.8805725], [16.2055322, 45.8806286], [16.2050442, 45.8815841], [16.2039201, 45.8836299], [16.203408, 45.884562], [16.2030673, 45.8852336], [16.202855, 45.8855457], [16.2028722, 45.8856503], [16.2027713, 45.8858303], [16.2026604, 45.8859468], [16.2021322, 45.8868147], [16.2019057, 45.8870959], [16.2018365, 45.8871936], [16.2014678, 45.8877145], [16.200585, 45.8890161], [16.2003516, 45.8892981], [16.199976, 45.8896123], [16.1996847, 45.8898305], [16.1995785, 45.8901835], [16.1994858, 45.8903636], [16.1986795, 45.8913644], [16.1983656, 45.8919219], [16.1978847, 45.8925624], [16.1973434, 45.8932986], [16.1970247, 45.893732], [16.1969321, 45.8938278], [16.196903, 45.8937996], [16.1964585, 45.8935806], [16.1961538, 45.8934407], [16.1956013, 45.8931627], [16.194596, 45.8925999], [16.1938932, 45.8921972], [16.1933366, 45.8918668], [16.1925388, 45.891389], [16.1920636, 45.8910957], [16.1910039, 45.8904394], [16.190923, 45.8904811], [16.1909533, 45.8905033], [16.1894454, 45.8910589], [16.1869465, 45.8914156], [16.1844031, 45.8917786], [16.1801784, 45.8923239], [16.1783869, 45.8922754], [16.1784737, 45.892854], [16.1785597, 45.8931929], [16.1789414, 45.8938142], [16.1793145, 45.8941673], [16.1795128, 45.8944467], [16.1796925, 45.8947835], [16.1800189, 45.8950626], [16.1801413, 45.8951438], [16.1804905, 45.895342], [16.1806733, 45.8955044], [16.1810053, 45.8956573], [16.1820717, 45.8962643], [16.1824791, 45.896754], [16.1826362, 45.8969007], [16.1829525, 45.8971405], [16.1831743, 45.8975057], [16.1833171, 45.8979068], [16.1837978, 45.8988104], [16.1838146, 45.8990619], [16.1836265, 45.8996117], [16.1836314, 45.8999922], [16.1835546, 45.900152], [16.1837009, 45.9006391], [16.1837654, 45.9016781], [16.1836156, 45.9021119], [16.1836042, 45.9025799], [16.1836198, 45.9031067], [16.1834868, 45.9033398], [16.1834671, 45.9035386], [16.183408, 45.9036791], [16.1834498, 45.904396], [16.1834749, 45.9050557], [16.183734, 45.9058452], [16.1838822, 45.9061846], [16.1840893, 45.9065455], [16.1843386, 45.9067666], [16.1843839, 45.9069108], [16.1844619, 45.9070145], [16.1845176, 45.9070932], [16.1844402, 45.9072835], [16.1844786, 45.9075647], [16.1845002, 45.9078015], [16.184543, 45.9079354], [16.1845291, 45.9081559], [16.1843323, 45.9084613], [16.1841738, 45.9086673], [16.1838586, 45.9089496], [16.1835854, 45.9091438], [16.1832322, 45.9091587], [16.1825009, 45.9092731], [16.1821725, 45.9094584], [16.1819979, 45.9096262], [16.1818112, 45.9097659], [16.1816217, 45.9099025], [16.1814432, 45.9100078], [16.181294, 45.910423], [16.1809762, 45.9108361], [16.1807314, 45.9110127], [16.1797314, 45.9115054], [16.1791019, 45.9117559], [16.1788306, 45.911778], [16.1793883, 45.9123524], [16.179625, 45.9127606], [16.1795463, 45.9130961], [16.1795965, 45.9131958], [16.1800391, 45.9134927], [16.1802219, 45.9135375], [16.1804363, 45.9136235], [16.1805284, 45.9137608], [16.1805534, 45.9139319], [16.1803676, 45.9141686], [16.1798651, 45.914487], [16.1794916, 45.9146554], [16.1792075, 45.9148467], [16.1791746, 45.9149025], [16.1791983, 45.9149876], [16.1796789, 45.9152919], [16.1799921, 45.9154122], [16.1802897, 45.9154704], [16.1795342, 45.9157344], [16.1790636, 45.9158677], [16.1786551, 45.9158663], [16.1781842, 45.9158187], [16.1777039, 45.9158161], [16.1773646, 45.9157594], [16.1771822, 45.9157808], [16.1769634, 45.9157685], [16.1766484, 45.9159266], [16.1764902, 45.9159737], [16.176267, 45.9159879], [16.1759898, 45.9160164], [16.1754095, 45.9161574], [16.1746552, 45.91614], [16.1745355, 45.9162453], [16.1744494, 45.9163528], [16.1742818, 45.9169306], [16.1740846, 45.9175472], [16.1736992, 45.9180487], [16.1735169, 45.9184213], [16.1732879, 45.9186838], [16.1731035, 45.9188506], [16.173067, 45.9191744], [16.173183, 45.9201414], [16.173432, 45.9208177], [16.173673, 45.9209533], [16.1738242, 45.9210503], [16.1743555, 45.9214537], [16.1743609, 45.9214968], [16.1745763, 45.9219382], [16.1746471, 45.9219938], [16.1748368, 45.9224736], [16.1748289, 45.9226886], [16.1747973, 45.9229009], [16.1746441, 45.9231148], [16.1744481, 45.9232823], [16.1738191, 45.9235491], [16.1736815, 45.9236914], [16.1736034, 45.9241103], [16.1734647, 45.9251311], [16.173394, 45.9252022], [16.1733587, 45.9252749], [16.1733168, 45.9253299], [16.1732908, 45.9255628], [16.1732193, 45.9256354], [16.1731259, 45.9258788], [16.1731535, 45.9261746], [16.1731454, 45.9263877], [16.1731611, 45.9265186], [16.1731664, 45.9267901], [16.1732725, 45.9271218], [16.1731518, 45.9274911], [16.1731509, 45.9275183], [16.1731286, 45.9275856], [16.1731678, 45.9277251], [16.1731783, 45.9279904], [16.1731158, 45.9281191], [16.1731566, 45.9283973], [16.1731605, 45.9285733], [16.1729931, 45.928911], [16.172985, 45.9292309], [16.1729653, 45.9293992], [16.1730258, 45.9299875], [16.1730054, 45.9301712], [16.1728795, 45.9305679], [16.1728289, 45.9312234], [16.172752, 45.9314443], [16.1727297, 45.9316465], [16.1727336, 45.93191], [16.1727716, 45.9319364], [16.1727913, 45.9320206], [16.1729486, 45.9322031], [16.1730952, 45.9323071], [16.1731752, 45.9324455], [16.1730773, 45.9326736], [16.1730019, 45.9330763], [16.1729737, 45.933137], [16.1730361, 45.9332596], [16.1729871, 45.9334862], [16.1729847, 45.933968], [16.1728524, 45.9346745], [16.1727971, 45.9348291], [16.1725597, 45.9350078], [16.1724636, 45.9351432], [16.1724702, 45.9354094], [16.1723954, 45.9355269], [16.1723662, 45.935822], [16.1722528, 45.9359988], [16.1720435, 45.9362487], [16.1718091, 45.9364266], [16.1718532, 45.9364854], [16.1718594, 45.9365734], [16.1718673, 45.9366301], [16.1719557, 45.9368891], [16.172047, 45.9371445], [16.1720773, 45.9372991], [16.1720839, 45.9374099], [16.1720141, 45.9375108], [16.1721163, 45.937767], [16.1719883, 45.938136], [16.1719546, 45.9383888], [16.1719362, 45.9384977], [16.1718623, 45.9387036], [16.172192, 45.939085], [16.172271, 45.9392267], [16.1727201, 45.9396313], [16.1728, 45.9398292], [16.1729321, 45.9400298], [16.1730385, 45.9403162], [16.1730809, 45.940683], [16.173072, 45.9408372], [16.1730441, 45.9408391], [16.1729798, 45.9409737], [16.1727803, 45.9412593], [16.1727227, 45.9414843], [16.1723912, 45.941739], [16.172313, 45.9418955], [16.1722684, 45.9420417], [16.1721718, 45.9421993], [16.1719672, 45.9423455], [16.1716826, 45.9424878], [16.1715337, 45.9426511], [16.1713309, 45.9427468], [16.1709203, 45.9430167], [16.170446, 45.9433026], [16.1700201, 45.9435793], [16.1696751, 45.9437709], [16.1692274, 45.9441099], [16.1691, 45.9441326], [16.168668, 45.9441494], [16.1681015, 45.944312], [16.1678239, 45.9444443], [16.1675289, 45.944548], [16.1672711, 45.9446733], [16.1671007, 45.9449181], [16.1670717, 45.9449784], [16.167073, 45.9452078], [16.1670415, 45.9453441], [16.1669467, 45.9454926], [16.1668909, 45.945662], [16.1668295, 45.9457332], [16.1667886, 45.9458651], [16.1668109, 45.9460462], [16.1668035, 45.9461574], [16.1667398, 45.946311], [16.1666635, 45.9464313], [16.1665352, 45.9465555], [16.1663808, 45.9466783], [16.1663678, 45.9467404], [16.1665197, 45.9469621], [16.1666202, 45.9471871], [16.1669066, 45.9475648], [16.1669531, 45.9477149], [16.1669111, 45.9479186], [16.1668524, 45.9481812], [16.1669714, 45.9486158], [16.1669826, 45.9487464], [16.1669233, 45.9489667], [16.1669351, 45.9491569], [16.166584, 45.9492997], [16.1663919, 45.9494689], [16.166338, 45.9495759], [16.1662139, 45.9496842], [16.1660876, 45.9498149], [16.1662099, 45.9501452], [16.1661695, 45.9502505], [16.1661016, 45.9507882], [16.1662336, 45.9510029], [16.1663775, 45.9511382], [16.1666175, 45.9513678], [16.1666891, 45.95147], [16.1667271, 45.9515564], [16.166743, 45.9516263], [16.166697, 45.9518879], [16.1664425, 45.9520434], [16.1661886, 45.9523598], [16.1661009, 45.9529577], [16.1660232, 45.9530894], [16.1658575, 45.953125], [16.165672, 45.9532815], [16.1654856, 45.9534591], [16.1653124, 45.954194], [16.1653018, 45.9544876], [16.1655428, 45.9548406], [16.1656042, 45.9550256], [16.1657677, 45.9555057], [16.1653201, 45.9557799], [16.1643576, 45.9561081], [16.1639669, 45.9561417], [16.163913, 45.9561922], [16.1638937, 45.9562574], [16.1636244, 45.9570785], [16.1632142, 45.9573946], [16.1616809, 45.9578092], [16.1600245, 45.9589043], [16.1592408, 45.9591774], [16.1587206, 45.9592717], [16.1579041, 45.959738], [16.1573628, 45.9598557], [16.1566834, 45.9602134], [16.156263, 45.9605483], [16.156174, 45.9608087], [16.1562984, 45.9612411], [16.156237, 45.9614907], [16.1562073, 45.9620299], [16.1560323, 45.9627016], [16.1562763, 45.9631969], [16.156157, 45.9640757], [16.1561618, 45.9648005], [16.1559362, 45.9654133], [16.1562145, 45.9660348], [16.1560284, 45.966342], [16.1558835, 45.9665051], [16.1557804, 45.9669578], [16.1557055, 45.9674912], [16.1554727, 45.96808], [16.1554126, 45.9686659], [16.1552007, 45.9689734], [16.1548104, 45.9687783], [16.1547015, 45.9685799], [16.1545499, 45.9680294], [16.1538792, 45.9675284], [16.1531491, 45.9675183], [16.1526057, 45.9678468], [16.1519612, 45.9677519], [16.1512779, 45.9674484], [16.150391, 45.967497], [16.1501256, 45.9677866], [16.1497704, 45.9683537], [16.1495049, 45.9686891], [16.148825, 45.9686261], [16.1484425, 45.9683901], [16.1476195, 45.9682478], [16.1475554, 45.9682367], [16.1469833, 45.968214], [16.1451997, 45.9680353], [16.1443884, 45.9678064], [16.143469, 45.9683193], [16.1425458, 45.9684862], [16.1423808, 45.9684259], [16.1417464, 45.967866], [16.1413513, 45.9678336], [16.1404749, 45.9680225], [16.1396761, 45.9680544], [16.1391884, 45.9679054], [16.138853, 45.9678616], [16.138157, 45.9674891], [16.1379589, 45.9670533], [16.1377523, 45.9668066], [16.137698, 45.9665834], [16.1376572, 45.9663664], [16.1376443, 45.9657349], [16.1374056, 45.9654579], [16.1373566, 45.9654528], [16.137306, 45.9653868], [16.1371279, 45.9653422], [16.1370454, 45.9653215], [16.1367369, 45.9651368], [16.1361389, 45.9650948], [16.1359157, 45.9650444], [16.1355923, 45.9650245], [16.1342255, 45.9648762], [16.1335986, 45.9647555], [16.133491, 45.9648451], [16.1328236, 45.9649769], [16.1324766, 45.9648528], [16.1315397, 45.9647985], [16.1312277, 45.9648094], [16.1301685, 45.964984], [16.1298113, 45.9649849], [16.1295937, 45.9650356], [16.1293989, 45.9652828], [16.128974, 45.9656122], [16.1285742, 45.9658425], [16.1283257, 45.9659274], [16.1273634, 45.9665298], [16.1272282, 45.9666659], [16.1270951, 45.9668975], [16.1267493, 45.9670073], [16.1265573, 45.9671964], [16.125717, 45.9673552], [16.1253284, 45.9672991], [16.1249304, 45.9672527], [16.1245663, 45.9672214], [16.1238947, 45.9669988], [16.1236164, 45.9669642], [16.1227878, 45.9670132], [16.1225884, 45.967063], [16.1222107, 45.9671927], [16.1220521, 45.9672802], [16.121738, 45.9672943], [16.1215813, 45.9673563], [16.1207864, 45.9675469], [16.12039, 45.9678157], [16.1201324, 45.9681033], [16.120022, 45.9682187], [16.1197359, 45.9684428], [16.1195887, 45.9686841], [16.1195411, 45.9688463], [16.1195169, 45.9688876], [16.1194059, 45.9690075], [16.1191872, 45.9690794], [16.1189217, 45.9690483], [16.1187375, 45.9690667], [16.1186166, 45.9691466], [16.1184671, 45.9691443], [16.1181456, 45.9690069], [16.1178811, 45.9689053], [16.1174345, 45.9688419], [16.116855, 45.9685916], [16.1167237, 45.9685885], [16.1156731, 45.9684919], [16.1153757, 45.9684791], [16.1153223, 45.9684808], [16.1148775, 45.968495], [16.1144224, 45.9684498], [16.1141368, 45.9684755], [16.1139914, 45.9684592], [16.1139571, 45.967866], [16.1139701, 45.9672273], [16.113915, 45.9669327], [16.1139024, 45.96665], [16.1139677, 45.9665641], [16.1138662, 45.9659868], [16.113877, 45.9658147], [16.1138758, 45.965301], [16.1139467, 45.9648177], [16.1139478, 45.9647482], [16.1135864, 45.9640015], [16.1135259, 45.9638043], [16.1134517, 45.9636511], [16.1133868, 45.9634845], [16.1133329, 45.9632545], [16.113471, 45.9630802], [16.1136062, 45.9628914], [16.11358, 45.9627711], [16.1136003, 45.9626742], [16.1136073, 45.9626109], [16.1136438, 45.9624521], [16.1136187, 45.9621714], [16.1136374, 45.9619934], [16.1135145, 45.9618266], [16.1129748, 45.9616219], [16.1123871, 45.9614263], [16.1122272, 45.9612811], [16.1121808, 45.9610845], [16.1117387, 45.9605829], [16.1118053, 45.9603994], [16.1119596, 45.9601799], [16.1119603, 45.9600581], [16.1120168, 45.959948], [16.1120976, 45.959741], [16.1120179, 45.9595337], [16.1120422, 45.9591649], [16.1119831, 45.9587848], [16.1117381, 45.9585073], [16.1114193, 45.9581179], [16.1113141, 45.9579427], [16.1112915, 45.957877], [16.1110376, 45.9577189], [16.1107558, 45.9575932], [16.1105546, 45.9575604], [16.1104139, 45.9575229], [16.1101808, 45.9574244], [16.1097928, 45.9573487], [16.1093561, 45.9574018], [16.1089879, 45.957385], [16.1085308, 45.9572731], [16.1084121, 45.9572131], [16.1082714, 45.9570687], [16.1081357, 45.9567547], [16.1079763, 45.9565491], [16.1078455, 45.9562381], [16.1078052, 45.9559031], [16.1073917, 45.9558858], [16.1069487, 45.9557649], [16.1066277, 45.9556977], [16.1063727, 45.9556977], [16.1059857, 45.9557542], [16.1055197, 45.9556476], [16.1053735, 45.955707], [16.1050455, 45.9556724], [16.1049382, 45.9556292], [16.1048047, 45.9556898], [16.1047443, 45.955663], [16.1042485, 45.9557769], [16.103926, 45.9557526], [16.1034026, 45.9556844], [16.102525, 45.9557354], [16.1017866, 45.9557482], [16.1012608, 45.9557087], [16.1009806, 45.9557024], [16.1004318, 45.9555879], [16.1001221, 45.9554715], [16.0992031, 45.9548173], [16.0990905, 45.9545495], [16.0978543, 45.9539411], [16.0965854, 45.9534015], [16.0964445, 45.9536008], [16.0958629, 45.9541697], [16.0953298, 45.9545714], [16.0951632, 45.9549077], [16.0951445, 45.9551197], [16.0941828, 45.9558536], [16.0934944, 45.9562707], [16.0933036, 45.9562369], [16.092459, 45.9565694], [16.0912038, 45.9568116], [16.0904774, 45.9571258], [16.0903016, 45.9572674], [16.0902374, 45.9574388], [16.0901759, 45.9577711], [16.0898897, 45.9581501], [16.0897551, 45.958365], [16.089713, 45.9585026], [16.0893549, 45.9583265], [16.089261, 45.9582337], [16.0884863, 45.9577879], [16.0883562, 45.9575796], [16.0881766, 45.9574458], [16.0879803, 45.9573394], [16.0878915, 45.9572776], [16.0878116, 45.9571713], [16.0877781, 45.9571736], [16.0877076, 45.9570543], [16.0875993, 45.9569765], [16.0874773, 45.9568907], [16.0872073, 45.956846], [16.0870688, 45.9568312], [16.0866469, 45.9567081], [16.0865932, 45.9566364], [16.0856575, 45.9563539], [16.0852413, 45.9562927], [16.085014, 45.9562649], [16.0844846, 45.9562756], [16.0842512, 45.9563313], [16.0831519, 45.9564062], [16.0823722, 45.956285], [16.0820491, 45.9562518], [16.0816958, 45.9561666], [16.0813266, 45.956148], [16.0810613, 45.9561979], [16.080857, 45.9561519], [16.0806685, 45.9560766], [16.0802254, 45.9559923], [16.0800015, 45.956], [16.0796849, 45.9559755], [16.0789417, 45.9559969], [16.078774, 45.9559755], [16.0785571, 45.9560343], [16.0784581, 45.9560374], [16.0783757, 45.9560061], [16.0780893, 45.9560527], [16.0778452, 45.9560427], [16.0776551, 45.9560122], [16.077373, 45.955941], [16.076703, 45.9558895], [16.0767905, 45.9554993], [16.0768543, 45.9553687], [16.0768347, 45.9552049], [16.0767655, 45.9550919], [16.0767303, 45.9549283], [16.0767513, 45.9547746], [16.0767111, 45.954579], [16.0764648, 45.9543319], [16.0762547, 45.9540942], [16.0761585, 45.9540206], [16.0759291, 45.9539205], [16.0757443, 45.9538523], [16.0757412, 45.9538674], [16.07555, 45.9538409], [16.0752491, 45.953704], [16.0749617, 45.9536005], [16.0749727, 45.9535837], [16.0747452, 45.9534971], [16.0745088, 45.9534749], [16.0744022, 45.9534214], [16.0741909, 45.9531068], [16.0741069, 45.952915], [16.0740712, 45.9527626], [16.0737927, 45.9525904], [16.0735322, 45.952446], [16.073357, 45.9523185], [16.0731628, 45.9522331], [16.0729308, 45.9521025], [16.0727945, 45.9520398], [16.0724515, 45.9518372], [16.0721066, 45.9517959], [16.0715286, 45.9517388], [16.0709069, 45.9515842], [16.0706568, 45.9514508], [16.0704117, 45.9514271], [16.0700683, 45.9513185], [16.0697275, 45.9512359], [16.0690662, 45.9509359], [16.0690706, 45.9509244], [16.0686333, 45.9508274], [16.068275, 45.9507662], [16.0677209, 45.950699], [16.0672168, 45.9508351], [16.0667309, 45.950858], [16.0665128, 45.9507453], [16.066163, 45.9506415], [16.066029, 45.9506315], [16.0660293, 45.9506435], [16.06586, 45.9506266], [16.0655005, 45.9505838], [16.0653385, 45.9505108], [16.0652469, 45.9504139], [16.0651404, 45.9502965], [16.0651132, 45.9502987], [16.0650082, 45.950136], [16.0650153, 45.9498945], [16.065045, 45.9498089], [16.0650196, 45.9496423], [16.0648704, 45.9492844], [16.0648506, 45.9491758], [16.0647739, 45.9490109], [16.0646962, 45.948906], [16.064718, 45.9489028], [16.0646498, 45.9488217], [16.0646806, 45.9487506], [16.0645368, 45.9484557], [16.0644475, 45.9482408], [16.06445, 45.9480105], [16.0643536, 45.9479251], [16.0643256, 45.9478732], [16.064167, 45.9477014], [16.0637054, 45.9475425], [16.0636479, 45.9475177], [16.0636323, 45.9474863], [16.0635795, 45.9474377], [16.0634962, 45.9472622], [16.0633524, 45.9470352], [16.0633454, 45.9470206], [16.0632405, 45.9469488], [16.0631728, 45.9468959], [16.0631549, 45.9468948], [16.0631115, 45.9468285], [16.0630389, 45.9467849], [16.0628773, 45.9466122], [16.062785, 45.9465625], [16.0626102, 45.9463966], [16.0624618, 45.946363], [16.0622713, 45.9463387], [16.0620673, 45.9462917], [16.0619458, 45.9462895], [16.0618084, 45.9462582], [16.061641, 45.946168], [16.0615258, 45.946141], [16.0615252, 45.9461246], [16.061159, 45.9460909], [16.0610314, 45.9459371], [16.0607858, 45.9457647], [16.0605803, 45.9457199], [16.0591182, 45.9456213], [16.0587435, 45.945608], [16.0584505, 45.9455763], [16.0580852, 45.9456159], [16.0576272, 45.9454987], [16.0573691, 45.9454555], [16.0571748, 45.945409], [16.0568539, 45.9452866], [16.0565896, 45.9452844], [16.0561232, 45.9452163], [16.0555137, 45.9451729], [16.0552327, 45.945118], [16.0548689, 45.945078], [16.0546046, 45.9450175], [16.0542479, 45.9449829], [16.054038, 45.9448727], [16.0539228, 45.9447369], [16.0538483, 45.9445721], [16.0538353, 45.9444015], [16.0524462, 45.9444333], [16.0521514, 45.9438484], [16.0521393, 45.9435474], [16.0521217, 45.9431124], [16.0520948, 45.9426938], [16.0520614, 45.9425169], [16.0521025, 45.9423324], [16.0520239, 45.9421701], [16.0520656, 45.9420735], [16.0519077, 45.9416371], [16.0521344, 45.941044], [16.0518025, 45.940537], [16.0515394, 45.9403342], [16.0514939, 45.9401797], [16.0515273, 45.9400138], [16.0516469, 45.9398879], [16.0518398, 45.9397182], [16.052003, 45.9394067], [16.051999, 45.9393443], [16.0518575, 45.9389637], [16.0519458, 45.9382836], [16.0518886, 45.9381301], [16.0519271, 45.9379997], [16.0518786, 45.9377815], [16.051893, 45.937533], [16.0518094, 45.9374428], [16.0526099, 45.9372397], [16.0529397, 45.937239], [16.0534056, 45.9369304], [16.0537102, 45.9362504], [16.053973, 45.9359358], [16.0541169, 45.9358465], [16.0547902, 45.9356034], [16.0551449, 45.9352126], [16.0554619, 45.9345938], [16.0559233, 45.9343152], [16.056837, 45.9340824], [16.0568332, 45.9342451], [16.0572841, 45.9342964], [16.0581461, 45.9341022], [16.0584497, 45.9337493], [16.0587917, 45.9336251], [16.0590845, 45.9333717], [16.0591293, 45.9330753], [16.0598255, 45.9330274], [16.0604972, 45.9328146], [16.0611908, 45.9325023], [16.0617996, 45.931708], [16.0618022, 45.9316386], [16.0618856, 45.9314498], [16.0618067, 45.9313339], [16.0616303, 45.9309633], [16.0616108, 45.9306681], [16.0615642, 45.9297658], [16.0621278, 45.9294535], [16.062552, 45.9290702], [16.0627348, 45.9289516], [16.0630008, 45.9286063], [16.0635281, 45.9281377], [16.0637477, 45.9280156], [16.0640738, 45.9276802], [16.0641525, 45.9274072], [16.0640669, 45.9272394], [16.0641036, 45.9265943], [16.0642287, 45.9264781], [16.0645772, 45.9264665], [16.0650232, 45.9264318], [16.0652997, 45.926595], [16.0655092, 45.9265922], [16.0657856, 45.9266851], [16.0660994, 45.926606], [16.0665742, 45.9267046], [16.0671509, 45.9266871], [16.067909, 45.9263727], [16.0679479, 45.9263393], [16.0680374, 45.9260858], [16.0680244, 45.9256364], [16.06788, 45.925394], [16.0679478, 45.9249644], [16.068217, 45.924426], [16.068216, 45.9242995], [16.0679933, 45.9235845], [16.0679515, 45.9232739], [16.0677511, 45.9228816], [16.0675904, 45.9224683], [16.067857, 45.9221674], [16.0686119, 45.9216699], [16.069039, 45.9216109], [16.0700572, 45.9215224], [16.0705526, 45.9215173], [16.0707753, 45.9214284], [16.0709085, 45.9212699], [16.0709611, 45.9211371], [16.0710565, 45.9211327], [16.0715064, 45.9206953], [16.0719667, 45.9204417], [16.0720009, 45.9203078], [16.0722476, 45.9200312], [16.0725384, 45.9199077], [16.0730744, 45.9197968], [16.0737971, 45.9199786], [16.0740095, 45.9199394], [16.0745531, 45.9199093], [16.0751761, 45.9198227], [16.0763184, 45.9200974], [16.0772009, 45.9204131], [16.077479, 45.9204049], [16.078861, 45.9207019], [16.0794182, 45.9207048], [16.0797184, 45.9207533], [16.0800583, 45.9208946], [16.0801329, 45.9208909], [16.0800039, 45.9207044], [16.0797029, 45.9205343], [16.0794756, 45.9203083], [16.0794802, 45.9201826], [16.0795458, 45.9201173], [16.0791642, 45.9199683], [16.0787227, 45.9199721], [16.0786778, 45.9200371], [16.0785294, 45.9200283], [16.0783004, 45.9199224], [16.0780014, 45.9198707], [16.0776624, 45.9197919], [16.077518, 45.9198562], [16.077072, 45.9198167], [16.0768168, 45.9197643], [16.0764493, 45.9196471], [16.0762586, 45.9195293], [16.0760607, 45.9193002], [16.0758804, 45.9190554], [16.0756614, 45.9185806], [16.0753557, 45.918001], [16.0748495, 45.917305], [16.0746437, 45.9171971], [16.0744605, 45.9169132], [16.0740564, 45.9167054], [16.0739087, 45.9163765], [16.0737619, 45.9161091], [16.0737767, 45.9159823], [16.0736322, 45.9157579], [16.073516, 45.9154357], [16.0734753, 45.9152121], [16.0733895, 45.9148704], [16.0732902, 45.9144232], [16.073285, 45.9142421], [16.0733468, 45.9140835], [16.0733044, 45.9137648], [16.0733466, 45.9135453], [16.0734228, 45.9128411], [16.0735164, 45.9126014], [16.0733446, 45.9122141], [16.0732652, 45.9117241], [16.0732681, 45.9114541], [16.0731995, 45.911035], [16.073238, 45.9107368], [16.0731779, 45.9104301], [16.0731454, 45.9101324], [16.0731282, 45.9094924], [16.073125, 45.9091435], [16.0731302, 45.908955], [16.0731817, 45.9086173], [16.0731937, 45.9084559], [16.0731435, 45.9080625], [16.0732007, 45.9074807], [16.0731774, 45.907181], [16.0731054, 45.9068432], [16.0729634, 45.9065929], [16.072456, 45.9060952], [16.0721927, 45.9057263], [16.072158, 45.9054204], [16.0720868, 45.9051015], [16.0717787, 45.9047809], [16.0715303, 45.9045205], [16.0711574, 45.9042512], [16.0706941, 45.9040241], [16.0703608, 45.9037404], [16.070048, 45.9033387], [16.0699691, 45.9031313], [16.0702321, 45.902451], [16.0703717, 45.9020181], [16.0707328, 45.9015081], [16.0708178, 45.9014236], [16.0713352, 45.9011818], [16.0717601, 45.9009073], [16.0721485, 45.9007025], [16.0725898, 45.900573], [16.0729088, 45.9005382], [16.0729177, 45.9003953], [16.0725809, 45.9002372], [16.0721037, 45.9000854], [16.0721918, 45.8994355], [16.0721726, 45.8992659], [16.0721433, 45.8991922], [16.0718804, 45.8992179], [16.0717937, 45.8989675], [16.0714938, 45.8985848], [16.0711608, 45.8974563], [16.0710958, 45.8974154], [16.0710575, 45.8972423], [16.0708049, 45.8971295], [16.0707883, 45.896959], [16.0704106, 45.8967051], [16.0700266, 45.8964209], [16.069482, 45.8961845], [16.0697133, 45.895919], [16.0698203, 45.8957502], [16.0698805, 45.8955788], [16.0699057, 45.8953355], [16.069927, 45.8952327], [16.0702738, 45.8948206], [16.0702809, 45.8947262], [16.070333, 45.8946358], [16.0704536, 45.8945277], [16.0705303, 45.8944701], [16.0708867, 45.8939029], [16.0710745, 45.8934623], [16.0711785, 45.893191], [16.071257, 45.8928174], [16.0713167, 45.8924656], [16.0716852, 45.8922057], [16.0718076, 45.8919309], [16.0719383, 45.8917952], [16.0723196, 45.8915951], [16.0726924, 45.8914844], [16.0734089, 45.8911616], [16.0742379, 45.8910872], [16.0750981, 45.8908874], [16.075791, 45.8906176], [16.0767616, 45.8904501], [16.0769025, 45.8903741], [16.0770909, 45.8900759], [16.077186, 45.8900212], [16.0783496, 45.8897613], [16.079028, 45.8896059], [16.0793915, 45.8894879], [16.0805571, 45.8890027], [16.081398, 45.8883267], [16.0820339, 45.8881217], [16.0824361, 45.8877542], [16.0824865, 45.8872417], [16.0824266, 45.8871016], [16.0824453, 45.8869048], [16.0825823, 45.8866679], [16.0827028, 45.8863568], [16.0830115, 45.8861852], [16.083019, 45.8859842], [16.0831015, 45.8858234], [16.0831273, 45.8856401], [16.0829462, 45.8853451], [16.0829115, 45.8851921], [16.0830451, 45.8848966], [16.083085, 45.8846314], [16.083048, 45.8839308], [16.0830111, 45.8837802], [16.082915, 45.8835046], [16.0828816, 45.8834087], [16.0829002, 45.8830787], [16.0829795, 45.8829325], [16.0832679, 45.8827575], [16.0834709, 45.8823942], [16.0832587, 45.8821167], [16.0832538, 45.8819507], [16.0835484, 45.881676], [16.0840529, 45.881354], [16.0843096, 45.8811754], [16.0844062, 45.8810684], [16.0846471, 45.8806792], [16.084711, 45.8806919], [16.0851282, 45.8805017], [16.0853677, 45.8802986], [16.0853742, 45.8802201], [16.0853282, 45.8801039], [16.0853366, 45.8796747], [16.0853149, 45.879653], [16.0858309, 45.8791951], [16.0862073, 45.8787726], [16.0866905, 45.8783876], [16.0868806, 45.8782189], [16.0872328, 45.8778477], [16.0874776, 45.8777145], [16.0879469, 45.8773756], [16.0882051, 45.8772322], [16.0888188, 45.8770435], [16.0894664, 45.8769144], [16.0898053, 45.8769047], [16.0901427, 45.8768309], [16.0912559, 45.8763503], [16.0915397, 45.8762886], [16.0916762, 45.8761809], [16.0919612, 45.8758378], [16.0921647, 45.8756383], [16.0924556, 45.8754312], [16.0928536, 45.8749091], [16.0929818, 45.8747745], [16.0931756, 45.8742234], [16.0932326, 45.8742303], [16.0932937, 45.8741468], [16.0933874, 45.8740727], [16.0935779, 45.8740173], [16.0938415, 45.874031], [16.0940594, 45.8739863], [16.0942164, 45.8739108], [16.0942014, 45.8738906], [16.0943391, 45.8737882], [16.0945875, 45.8733991], [16.0947221, 45.8732196], [16.0948812, 45.8730364], [16.0950064, 45.8728033], [16.0951316, 45.8724042], [16.0952531, 45.872486], [16.0956665, 45.8723259], [16.0957261, 45.8719454], [16.0957067, 45.8718032], [16.0957607, 45.8716283], [16.0957255, 45.8710985], [16.0959212, 45.8704786], [16.0958984, 45.8703481], [16.0960418, 45.8700928], [16.0959652, 45.8699646], [16.095864, 45.8698687], [16.0958267, 45.8698357], [16.0955648, 45.8698327], [16.0948983, 45.8696543], [16.0936796, 45.8694597], [16.0925645, 45.8694005], [16.0922637, 45.8691652], [16.0918703, 45.8692924], [16.0904366, 45.8693235], [16.0893098, 45.8690393], [16.0890188, 45.8690004], [16.0887363, 45.8689794], [16.0885577, 45.8689792], [16.0883257, 45.8690028], [16.0881027, 45.8690353], [16.0877681, 45.8691], [16.087594, 45.8691256], [16.0873663, 45.8691452], [16.0872257, 45.8691283], [16.0858414, 45.8687211], [16.0855703, 45.8686818], [16.0853869, 45.8686672], [16.0845277, 45.8686882], [16.0841186, 45.8685668], [16.0838673, 45.868443], [16.0831319, 45.8679131], [16.0827411, 45.8674444], [16.0825395, 45.8671601], [16.0823375, 45.8667796], [16.0821564, 45.8663368], [16.0819556, 45.8661561], [16.0818074, 45.8659111], [16.0817718, 45.8658522], [16.0816421, 45.8653745], [16.081725, 45.8648498], [16.0817788, 45.8648988], [16.0818858, 45.8647803], [16.0819716, 45.8647105], [16.0820533, 45.8646589], [16.0823094, 45.8645479], [16.0825881, 45.8644606], [16.0829605, 45.864322], [16.0831421, 45.8641826], [16.0834867, 45.8638924], [16.083524, 45.8638583], [16.0835546, 45.8637898], [16.0835391, 45.8635734], [16.0834605, 45.8632636], [16.0834877, 45.8631325], [16.0835157, 45.8631003], [16.0836063, 45.8630189], [16.0837684, 45.8629712], [16.0839957, 45.8628368], [16.084052, 45.8628274], [16.084276, 45.8627153], [16.08455, 45.8623551], [16.0846552, 45.8621987], [16.0848311, 45.8618355], [16.0850051, 45.8616291], [16.085238, 45.8612861], [16.0853748, 45.8611682], [16.0857371, 45.861023], [16.0864823, 45.8608389], [16.0866848, 45.8607632], [16.0871016, 45.8605987], [16.0874544, 45.8605629], [16.0877646, 45.8606346], [16.0880194, 45.8607276], [16.0882741, 45.8608206], [16.0883879, 45.8608457], [16.0886788, 45.8608488], [16.0895314, 45.8609251], [16.0904004, 45.8608163], [16.0907422, 45.8608449], [16.09116, 45.8608419], [16.0915837, 45.8607165], [16.0919517, 45.8606724], [16.0922544, 45.86068], [16.0927226, 45.8607242], [16.0930051, 45.8607596], [16.0931584, 45.8607536], [16.0933289, 45.8607218], [16.0935641, 45.8606391], [16.0937522, 45.8605196], [16.0937934, 45.860384], [16.0938959, 45.8602485], [16.0941509, 45.8599594], [16.0942917, 45.85983], [16.0949625, 45.8594233], [16.095101, 45.8593041], [16.0951601, 45.8591525], [16.0951792, 45.8590218], [16.0952285, 45.858947], [16.0955042, 45.8587452], [16.0957311, 45.858588], [16.0958243, 45.8584304], [16.0960053, 45.8583634], [16.0964323, 45.8580112], [16.0964027, 45.8579927], [16.0968386, 45.8572273], [16.0969034, 45.8569327], [16.0968532, 45.8565406], [16.0969033, 45.8562687], [16.0970119, 45.8559797], [16.0972751, 45.8555459], [16.0974765, 45.8552815], [16.0974476, 45.8550137], [16.0974288, 45.8547566], [16.0974136, 45.8546343], [16.0973421, 45.8544934], [16.0973614, 45.8543155], [16.0973258, 45.8541755], [16.0973318, 45.85403], [16.0973131, 45.8539151], [16.097243, 45.8536911], [16.0971204, 45.853388], [16.0969988, 45.8531119], [16.096736, 45.8526904], [16.0967252, 45.8526415], [16.0967462, 45.8525605], [16.0967916, 45.8524994], [16.0969257, 45.8524444], [16.0972226, 45.8523823], [16.0972876, 45.8523498], [16.097317, 45.852304], [16.0973311, 45.8521883], [16.0973965, 45.8520687], [16.0974077, 45.8517352], [16.0973801, 45.8514975], [16.0974148, 45.8513174], [16.0974339, 45.8511737], [16.0973916, 45.8509628], [16.097439, 45.8507789], [16.0976033, 45.8505251], [16.0978065, 45.8501593], [16.0978195, 45.8500633], [16.0977995, 45.8499607], [16.0977378, 45.8498354], [16.0977317, 45.8497802], [16.0977588, 45.8497266], [16.0979362, 45.8495818], [16.0979809, 45.84952], [16.0979814, 45.8493801], [16.0980266, 45.8492505], [16.0981428, 45.8491637], [16.0984025, 45.8489643], [16.0985656, 45.8487914], [16.098631, 45.8486746], [16.0986946, 45.8485071], [16.0987386, 45.8484513], [16.0988825, 45.8483816], [16.0991422, 45.8482579], [16.0993126, 45.8481179], [16.0994155, 45.8480369], [16.099677, 45.8479702], [16.0998677, 45.8479302], [16.0999516, 45.8478711], [16.0999743, 45.8478002], [16.0999677, 45.8476997], [16.0999249, 45.8475964], [16.0998673, 45.8474931], [16.0997592, 45.8474261], [16.0995639, 45.8473111], [16.0994091, 45.8471854], [16.0992135, 45.8470732], [16.0988736, 45.8468695], [16.0986509, 45.8467087], [16.0985319, 45.8466317], [16.0982737, 45.8465051], [16.0981031, 45.8462938], [16.097774, 45.8458504], [16.0977604, 45.8458315], [16.0977158, 45.8458172], [16.0976515, 45.8458162], [16.0976212, 45.8457948], [16.0975851, 45.8457327], [16.0974976, 45.8457327], [16.0974333, 45.8457477], [16.0973938, 45.8457692], [16.0973793, 45.8457971], [16.0973902, 45.8458306], [16.0968063, 45.8456959], [16.0964678, 45.8456413], [16.0962584, 45.845568], [16.0959693, 45.8455487], [16.0955883, 45.8454445], [16.0953391, 45.8453223], [16.0946509, 45.8450951], [16.0940618, 45.8448346], [16.093984, 45.8448311], [16.0937893, 45.8446198], [16.0934207, 45.8443925], [16.093183, 45.8443095], [16.0927146, 45.8442381], [16.0923255, 45.8441719], [16.0921748, 45.8441195], [16.091928, 45.8440961], [16.0917578, 45.8441234], [16.0915396, 45.8442292], [16.0914058, 45.8442587], [16.0912163, 45.8442843], [16.090895, 45.8443063], [16.0902872, 45.8443472], [16.0894138, 45.8440162], [16.0889048, 45.8439087], [16.0881121, 45.8436187], [16.0875595, 45.8433773], [16.0874343, 45.8433391], [16.0872982, 45.8434304], [16.0871275, 45.8436389], [16.0868104, 45.8433197], [16.0867351, 45.8432185], [16.0867116, 45.843072], [16.086334, 45.8427405], [16.0855214, 45.8424533], [16.0851946, 45.8423951], [16.0849587, 45.8423785], [16.0842012, 45.8422932], [16.0837583, 45.8422594], [16.0835169, 45.8422886], [16.0834007, 45.8422733], [16.082913, 45.8421218], [16.082536, 45.8420964], [16.0816185, 45.8421615], [16.0808644, 45.8424285], [16.0807097, 45.8425666], [16.0806112, 45.842535], [16.0805004, 45.8425333], [16.0801132, 45.8425892], [16.0799723, 45.8426228], [16.0798988, 45.842719], [16.0797619, 45.8428356], [16.0796715, 45.8429125], [16.0796105, 45.8428763], [16.0795073, 45.8428401], [16.0796496, 45.8427638], [16.0797522, 45.8427084], [16.0797727, 45.8426599], [16.0797195, 45.842604], [16.0796416, 45.8426045], [16.079415, 45.8422369], [16.0793784, 45.8421463], [16.079404, 45.8421093], [16.0793225, 45.841966], [16.0792238, 45.8419874], [16.0792113, 45.8418708], [16.07917, 45.8418125], [16.0790583, 45.8417628], [16.0791096, 45.8416735], [16.0790352, 45.8416256], [16.0790809, 45.8415712], [16.0790921, 45.841447], [16.0789503, 45.8412865], [16.0788449, 45.8412106], [16.0788069, 45.840943], [16.0788635, 45.8408579], [16.0789077, 45.8406758], [16.0788891, 45.8403893], [16.078844, 45.8398744], [16.0788041, 45.8396877], [16.0788177, 45.8393256], [16.0787452, 45.8389874], [16.0785664, 45.8385369], [16.078006, 45.8377408], [16.0777062, 45.8372755], [16.0774054, 45.8369845], [16.077289, 45.8367523], [16.0772891, 45.836725], [16.0774389, 45.8367256], [16.0775816, 45.8366833], [16.0776858, 45.8366288], [16.0778137, 45.8365919], [16.0782536, 45.8363643], [16.078533, 45.8363186], [16.0788167, 45.836222], [16.0792216, 45.8360857], [16.0793813, 45.8359757], [16.079527, 45.8358238], [16.0798986, 45.8356172], [16.0799679, 45.8356266], [16.0800991, 45.8355996], [16.0801615, 45.8355323], [16.0802625, 45.835453], [16.0803961, 45.8353785], [16.0805633, 45.835341], [16.0806924, 45.8353326], [16.0810353, 45.8353033], [16.0814314, 45.8350256], [16.0816111, 45.8349419], [16.0817277, 45.8349443], [16.0822834, 45.8348762], [16.0825634, 45.834781], [16.0827199, 45.834777], [16.0828403, 45.8348019], [16.0829353, 45.8346627], [16.0830735, 45.8345097], [16.0832329, 45.834289], [16.0833588, 45.8342285], [16.0835656, 45.8341427], [16.0836908, 45.8341024], [16.0837749, 45.8340409], [16.0838806, 45.8340232], [16.0839926, 45.8340373], [16.0841462, 45.8340259], [16.0843946, 45.8340579], [16.0844666, 45.8340475], [16.0840922, 45.8331751], [16.0842532, 45.833145], [16.0842076, 45.8328553], [16.0829299, 45.829584], [16.0827547, 45.8296002], [16.0830391, 45.8290805], [16.0824, 45.828704], [16.0823923, 45.8287426], [16.082354, 45.8287752], [16.0822895, 45.8287821], [16.0822187, 45.8287463], [16.0819119, 45.8290787], [16.0817843, 45.8291057], [16.081492, 45.8292979], [16.0814071, 45.8292255], [16.0811837, 45.8270299], [16.0811816, 45.8270039], [16.0826951, 45.8268264], [16.083053, 45.8267819], [16.0832139, 45.8267657], [16.0838237, 45.8266819], [16.084655, 45.8265568], [16.0849447, 45.826514], [16.0851289, 45.8264818], [16.0855708, 45.8263949], [16.0861838, 45.8262515], [16.0863295, 45.8262167], [16.0865831, 45.8261564], [16.086778, 45.82612], [16.0868769, 45.8261042], [16.0869974, 45.8260939], [16.0869644, 45.82595], [16.0869972, 45.8259092], [16.0870055, 45.825692], [16.0870544, 45.8256105], [16.0871747, 45.8255107], [16.0871997, 45.8254422], [16.0874368, 45.8251969], [16.0874726, 45.8251696], [16.0874653, 45.8251108], [16.0874188, 45.8250669], [16.0874079, 45.8249678], [16.0873189, 45.8249501], [16.0873103, 45.8249287], [16.0874224, 45.8246605], [16.0873978, 45.8246545], [16.0874254, 45.8245924], [16.0874677, 45.8245595], [16.0875807, 45.8244828], [16.0878114, 45.8243752], [16.0879128, 45.8243038], [16.0884036, 45.8239468], [16.0886131, 45.8237528], [16.0888564, 45.8235567], [16.0889591, 45.8234235], [16.0891324, 45.8230828], [16.0891542, 45.82288], [16.08918, 45.8228078], [16.089225, 45.8227396], [16.0894391, 45.8225984], [16.0896663, 45.8224031], [16.0898667, 45.8222201], [16.0901936, 45.8219311], [16.0906319, 45.8215481], [16.0911163, 45.8211725], [16.0911743, 45.8211133], [16.0916296, 45.8208357], [16.0922674, 45.8204972], [16.0925514, 45.8203378], [16.0929902, 45.8200491], [16.0944267, 45.8191004], [16.0950028, 45.8186198], [16.0955179, 45.8181232], [16.0957745, 45.8179131], [16.0959917, 45.817774], [16.0962471, 45.8176287], [16.0964731, 45.8175423], [16.096757, 45.8174734], [16.0970278, 45.8174265], [16.0973342, 45.8173676], [16.0976083, 45.8172988], [16.0979671, 45.8171977], [16.0983494, 45.8170978], [16.0982032, 45.8168936], [16.0978708, 45.8167562], [16.0978472, 45.8166713], [16.0975867, 45.8164459], [16.0974923, 45.8148887], [16.097412, 45.8146741], [16.0986978, 45.8142848], [16.0990125, 45.8144038], [16.0988472, 45.814902], [16.1005547, 45.8151519], [16.1005188, 45.8150735], [16.100518, 45.8150048], [16.1005285, 45.8149433], [16.1006042, 45.8148329], [16.1006412, 45.8147875], [16.1006907, 45.8147444], [16.1006942, 45.8146965], [16.100685, 45.8145725], [16.1007242, 45.8142196], [16.1007561, 45.8141297], [16.1008074, 45.8140287], [16.1009378, 45.8139044], [16.1010281, 45.8138456], [16.1011387, 45.8137834], [16.1012601, 45.8136929], [16.1012996, 45.8136492], [16.1013184, 45.8135845], [16.1013235, 45.8134288], [16.1015619, 45.81343], [16.1015747, 45.8132953], [16.1015677, 45.8130206], [16.1015164, 45.8128414], [16.1013855, 45.8127285], [16.1014438, 45.812683], [16.1014971, 45.8125712], [16.1014286, 45.8122265], [16.1013992, 45.8120783], [16.1011496, 45.8103247], [16.1010158, 45.8103098], [16.101089, 45.8100661], [16.1010931, 45.8100041], [16.1010673, 45.8097855], [16.1009234, 45.8091223], [16.1005017, 45.8063458], [16.1008504, 45.8063355], [16.1011048, 45.8063208], [16.1019815, 45.8062605], [16.1022416, 45.8062396], [16.1029384, 45.8061832], [16.1040789, 45.806064], [16.1048044, 45.8059727], [16.1063061, 45.8057656], [16.1068366, 45.8056765], [16.1065432, 45.805799], [16.1076258, 45.8056103], [16.1089612, 45.8053439], [16.1101032, 45.8050982], [16.1100474, 45.8050762], [16.1158632, 45.8037328], [16.1189705, 45.8030364], [16.12586, 45.8016278], [16.1276449, 45.8012736], [16.1312424, 45.8005133], [16.1313028, 45.8007004], [16.131569, 45.8006504], [16.1315304, 45.8005155], [16.1361389, 45.7995366], [16.1392394, 45.7988564], [16.1400343, 45.798698], [16.1410864, 45.798547], [16.1421946, 45.7984149], [16.1427693, 45.7983102], [16.1438889, 45.7980043], [16.1443178, 45.7978953], [16.1447113, 45.7977167], [16.1461542, 45.7973938], [16.1462765, 45.7976538], [16.1463923, 45.7976323], [16.1462868, 45.7973791], [16.1483714, 45.796943], [16.1489395, 45.7967885], [16.1544095, 45.7955465], [16.1573162, 45.7947814], [16.158658, 45.794478], [16.1590082, 45.7944112], [16.1597008, 45.7942792], [16.1633017, 45.7931656], [16.1645626, 45.7927493], [16.1651099, 45.7924661], [16.1656815, 45.792204], [16.1707737, 45.7904342], [16.1739914, 45.7892392], [16.1745401, 45.7890279], [16.1746002, 45.7890946], [16.1784925, 45.7874198], [16.1832713, 45.7852433], [16.183892, 45.7849606], [16.1848659, 45.7843692], [16.1874047, 45.7831042], [16.1918256, 45.7807655], [16.1922808, 45.7805634], [16.1927024, 45.7803762], [16.198304, 45.7773391], [16.2005584, 45.779334], [16.1979384, 45.7807414], [16.1984254, 45.7887062], [16.1988393, 45.7906501], [16.1993722, 45.7928882], [16.1997987, 45.7964084], [16.199606, 45.7969622], [16.1995747, 45.7972247], [16.199376, 45.7976511], [16.1993623, 45.799343], [16.1997025, 45.8006397], [16.1997749, 45.800837], [16.2007558, 45.8028061], [16.2010683, 45.8030976], [16.1998741, 45.8033824], [16.2003613, 45.8081289], [16.201616, 45.807991]]]}}, {"type": "Feature", "properties": {"name": "Stenjevec", "osmId": 2631458, "population": 51390}, "geometry": {"type": "Polygon", "coordinates": [[[15.9171022, 45.8111925], [15.9175191, 45.8111665], [15.9180517, 45.8111385], [15.9184941, 45.8111158], [15.9189774, 45.8110921], [15.9206518, 45.8110141], [15.9214664, 45.8109678], [15.922918, 45.81088], [15.9248005, 45.8107853], [15.927873, 45.8106215], [15.9297347, 45.8104994], [15.9292664, 45.8101288], [15.929107, 45.8101432], [15.9284887, 45.8096791], [15.9279538, 45.8092975], [15.9277749, 45.809164], [15.9275911, 45.8090199], [15.927312, 45.8088073], [15.9269918, 45.8085605], [15.9266799, 45.8083253], [15.9265085, 45.8081937], [15.926136, 45.8079079], [15.9257106, 45.8075791], [15.925259, 45.8072351], [15.9248145, 45.8068909], [15.9246041, 45.8067328], [15.9244947, 45.8066706], [15.9241645, 45.8064828], [15.9237234, 45.8062589], [15.9233819, 45.8060252], [15.9229148, 45.8057438], [15.9225109, 45.8054931], [15.9221305, 45.8052502], [15.9216451, 45.8049453], [15.9212784, 45.8047152], [15.92083, 45.8044325], [15.920303, 45.8041057], [15.9199811, 45.803901], [15.9195217, 45.8036178], [15.9193427, 45.8035058], [15.9190924, 45.803354], [15.9188516, 45.803198], [15.9184012, 45.8029213], [15.9179259, 45.8026293], [15.917588, 45.802418], [15.9169703, 45.8020615], [15.9161976, 45.8015467], [15.9155877, 45.8011649], [15.9152108, 45.800933], [15.9145608, 45.8005446], [15.9140021, 45.8002116], [15.9132773, 45.7997781], [15.9129829, 45.7995853], [15.9124175, 45.7992235], [15.9118536, 45.7988736], [15.9114625, 45.7986294], [15.9112205, 45.7983808], [15.9110292, 45.7982321], [15.9107042, 45.7980499], [15.9103496, 45.7977814], [15.9097854, 45.7973639], [15.9094694, 45.7970711], [15.9090381, 45.7966648], [15.9085293, 45.7961182], [15.9082696, 45.7961429], [15.906108, 45.7963211], [15.9041032, 45.7964841], [15.9035463, 45.796529], [15.9030144, 45.7965619], [15.9018117, 45.7966412], [15.8998292, 45.7967309], [15.8978242, 45.7968506], [15.8957454, 45.7969382], [15.8924517, 45.7970237], [15.8923997, 45.7974012], [15.8919476, 45.7974066], [15.8919095, 45.7968895], [15.8919039, 45.7963458], [15.891724, 45.7953533], [15.8906722, 45.7947589], [15.8905181, 45.793967], [15.8906162, 45.7914436], [15.8889065, 45.7909482], [15.8872536, 45.7887506], [15.8888028, 45.7869433], [15.8883219, 45.7869174], [15.8865968, 45.7866596], [15.8861023, 45.7865545], [15.8858329, 45.7862107], [15.8842977, 45.7859144], [15.8840001, 45.7859097], [15.8827064, 45.785145], [15.8816511, 45.7847642], [15.8804994, 45.784545], [15.875178, 45.7838601], [15.8735445, 45.7836417], [15.8717233, 45.7835291], [15.8697058, 45.7834401], [15.8679166, 45.7838592], [15.8669765, 45.7841415], [15.8660572, 45.7844677], [15.8651652, 45.7848983], [15.864217, 45.7854644], [15.8629054, 45.7864437], [15.8617876, 45.7872915], [15.8609317, 45.7879423], [15.8598488, 45.7886661], [15.8589323, 45.7892197], [15.8580506, 45.7896903], [15.856048, 45.7906046], [15.8537383, 45.7915438], [15.8531943, 45.7918257], [15.8529508, 45.7919646], [15.8516502, 45.7928695], [15.8511765, 45.7932526], [15.8503258, 45.7941019], [15.8494323, 45.7951116], [15.8489037, 45.7957602], [15.8476537, 45.7972968], [15.849799, 45.7981846], [15.8510697, 45.7987043], [15.8519771, 45.799088], [15.8527485, 45.8006471], [15.8573593, 45.8018608], [15.8578154, 45.8035384], [15.8578655, 45.803685], [15.8582345, 45.8049759], [15.8586831, 45.8065619], [15.8595981, 45.809876], [15.8602954, 45.8124018], [15.8611733, 45.8130677], [15.8627175, 45.8131983], [15.8629185, 45.813302], [15.8632049, 45.8135585], [15.8633541, 45.8138435], [15.8669948, 45.8137191], [15.8681459, 45.8136322], [15.8685875, 45.8135859], [15.8693062, 45.8135373], [15.8697036, 45.8135105], [15.8703052, 45.8134711], [15.8712539, 45.813409], [15.8724829, 45.8132932], [15.8728176, 45.8132874], [15.8728629, 45.8136432], [15.8750728, 45.813524], [15.8759332, 45.8134539], [15.8780254, 45.8133245], [15.8928978, 45.8125594], [15.8944374, 45.8124823], [15.8944378, 45.8126044], [15.8964404, 45.8125798], [15.8962456, 45.812377], [15.8998607, 45.8121821], [15.9051473, 45.811926], [15.9053562, 45.8119401], [15.9064587, 45.8118529], [15.9067939, 45.8117986], [15.9071836, 45.8117693], [15.9089724, 45.8116694], [15.911039, 45.8115503], [15.911831, 45.8115046], [15.9171022, 45.8111925]]]}}, {"type": "Feature", "properties": {"name": "Tre\u0161njevka - jug", "osmId": 2629785, "population": 66674}, "geometry": {"type": "Polygon", "coordinates": [[[15.9444525, 45.7943062], [15.9446484, 45.7943159], [15.9446565, 45.7943411], [15.9447049, 45.7943405], [15.9447148, 45.7943287], [15.9451202, 45.7943408], [15.9455823, 45.7943448], [15.9456236, 45.794342], [15.9462405, 45.7943392], [15.9464787, 45.794342], [15.9468781, 45.7943509], [15.9472449, 45.7943668], [15.9475088, 45.7943854], [15.9481771, 45.7944171], [15.9486121, 45.7944336], [15.9491428, 45.7945259], [15.9495374, 45.7944805], [15.9503109, 45.7945284], [15.9510883, 45.7945932], [15.9520516, 45.794716], [15.9530782, 45.7947111], [15.9533873, 45.7946847], [15.9539479, 45.7946791], [15.9556236, 45.794658], [15.9557926, 45.7946533], [15.9563635, 45.7945832], [15.9569378, 45.7945132], [15.957137, 45.794449], [15.9574902, 45.7944303], [15.9578643, 45.794421], [15.9581096, 45.7944022], [15.9583817, 45.7943953], [15.9585476, 45.7944111], [15.9586596, 45.7944586], [15.9587282, 45.7944198], [15.9589876, 45.7943108], [15.9565219, 45.7908631], [15.9552383, 45.7890199], [15.9531321, 45.7857831], [15.9528672, 45.7854299], [15.9529434, 45.7851271], [15.9530494, 45.7849199], [15.9527915, 45.7847569], [15.9540753, 45.7837743], [15.9519367, 45.7827331], [15.9503427, 45.7818371], [15.9489594, 45.7810512], [15.9470792, 45.7797539], [15.9446937, 45.7779887], [15.9420661, 45.7760068], [15.9415219, 45.7756585], [15.9412894, 45.775515], [15.9403823, 45.7749936], [15.9397845, 45.774672], [15.9390039, 45.774313], [15.9381673, 45.7739755], [15.9376021, 45.7737659], [15.9361194, 45.773346], [15.9344562, 45.7729123], [15.9336892, 45.7727668], [15.9325658, 45.7725711], [15.9306847, 45.7723262], [15.9300772, 45.7723037], [15.9291801, 45.7723184], [15.9282037, 45.7724049], [15.927097, 45.7725659], [15.9257214, 45.7728527], [15.9229268, 45.7736791], [15.9188581, 45.7749416], [15.9178584, 45.7752674], [15.9170913, 45.7754262], [15.9165094, 45.7754739], [15.9161286, 45.7756194], [15.9157272, 45.775764], [15.914028, 45.7761239], [15.9104091, 45.7767883], [15.9084187, 45.7772354], [15.9075131, 45.777489], [15.9067161, 45.7777457], [15.9061769, 45.7779478], [15.9059116, 45.7780493], [15.9056463, 45.7781709], [15.9039446, 45.7790992], [15.9034783, 45.7794569], [15.9020507, 45.7807597], [15.9000449, 45.7829063], [15.8974203, 45.7850477], [15.8968466, 45.7854326], [15.8963667, 45.7856916], [15.8958004, 45.7859234], [15.8952631, 45.7861098], [15.8939083, 45.7864825], [15.8928134, 45.7867445], [15.8914144, 45.7869445], [15.8902442, 45.7870016], [15.8888028, 45.7869433], [15.8872536, 45.7887506], [15.8889065, 45.7909482], [15.8906162, 45.7914436], [15.8905181, 45.793967], [15.8906722, 45.7947589], [15.891724, 45.7953533], [15.8919039, 45.7963458], [15.8919095, 45.7968895], [15.8919476, 45.7974066], [15.8923997, 45.7974012], [15.8924517, 45.7970237], [15.8957454, 45.7969382], [15.8978242, 45.7968506], [15.8998292, 45.7967309], [15.9018117, 45.7966412], [15.9030144, 45.7965619], [15.9035463, 45.796529], [15.9041032, 45.7964841], [15.906108, 45.7963211], [15.9082696, 45.7961429], [15.9085293, 45.7961182], [15.9109517, 45.795915], [15.9115726, 45.7958653], [15.913165, 45.7957293], [15.9166368, 45.7954252], [15.9166519, 45.7957104], [15.9169031, 45.7956814], [15.9170773, 45.7957162], [15.9170604, 45.7956113], [15.9181007, 45.7955015], [15.9181165, 45.7955679], [15.9232819, 45.7951223], [15.9249147, 45.7949425], [15.9300935, 45.7945958], [15.9311804, 45.7944998], [15.9317795, 45.7944468], [15.9345384, 45.7942484], [15.9356136, 45.7942019], [15.9367863, 45.7941432], [15.9369345, 45.7941415], [15.9371968, 45.7940854], [15.9376441, 45.7940774], [15.9381631, 45.7940677], [15.9386609, 45.7940633], [15.9392769, 45.7940591], [15.9397196, 45.7940781], [15.9401611, 45.7940948], [15.9404175, 45.7941425], [15.9404532, 45.7941547], [15.9404662, 45.7941834], [15.9407016, 45.7941596], [15.9407179, 45.7941104], [15.9407708, 45.7940832], [15.9408205, 45.7940962], [15.9408762, 45.7940882], [15.9434325, 45.7942759], [15.9433992, 45.7943712], [15.9434658, 45.7943799], [15.9435155, 45.794273], [15.9436056, 45.7942779], [15.943668, 45.7943008], [15.9437712, 45.794414], [15.9438016, 45.7944482], [15.9442978, 45.794334], [15.9443247, 45.7943226], [15.9444525, 45.7943062]]]}}, {"type": "Feature", "properties": {"name": "Tre\u0161njevka - sjever", "osmId": 2630379, "population": 55425}, "geometry": {"type": "Polygon", "coordinates": [[[15.9232819, 45.7951223], [15.9249147, 45.7949425], [15.9300935, 45.7945958], [15.9311804, 45.7944998], [15.9317795, 45.7944468], [15.9345384, 45.7942484], [15.9356136, 45.7942019], [15.9367863, 45.7941432], [15.9369345, 45.7941415], [15.9371968, 45.7940854], [15.9376441, 45.7940774], [15.9381631, 45.7940677], [15.9386609, 45.7940633], [15.9392769, 45.7940591], [15.9397196, 45.7940781], [15.9401611, 45.7940948], [15.9404175, 45.7941425], [15.9404532, 45.7941547], [15.9404662, 45.7941834], [15.9407016, 45.7941596], [15.9407179, 45.7941104], [15.9407708, 45.7940832], [15.9408205, 45.7940962], [15.9408762, 45.7940882], [15.9434325, 45.7942759], [15.9433992, 45.7943712], [15.9434658, 45.7943799], [15.9435155, 45.794273], [15.9436056, 45.7942779], [15.943668, 45.7943008], [15.9437712, 45.794414], [15.9438016, 45.7944482], [15.9442978, 45.794334], [15.9443247, 45.7943226], [15.9444525, 45.7943062], [15.9446484, 45.7943159], [15.9446565, 45.7943411], [15.9447049, 45.7943405], [15.9447148, 45.7943287], [15.9451202, 45.7943408], [15.9455823, 45.7943448], [15.9456236, 45.794342], [15.9462405, 45.7943392], [15.9464787, 45.794342], [15.9468781, 45.7943509], [15.9472449, 45.7943668], [15.9475088, 45.7943854], [15.9481771, 45.7944171], [15.9486121, 45.7944336], [15.9491428, 45.7945259], [15.9495374, 45.7944805], [15.9503109, 45.7945284], [15.9510883, 45.7945932], [15.9520516, 45.794716], [15.9530782, 45.7947111], [15.9533873, 45.7946847], [15.9539479, 45.7946791], [15.9556236, 45.794658], [15.9557926, 45.7946533], [15.9563635, 45.7945832], [15.9569378, 45.7945132], [15.957137, 45.794449], [15.9574902, 45.7944303], [15.9578643, 45.794421], [15.9581096, 45.7944022], [15.9583817, 45.7943953], [15.9585476, 45.7944111], [15.9586596, 45.7944586], [15.9587282, 45.7944198], [15.9589876, 45.7943108], [15.9594315, 45.7949959], [15.9597573, 45.7956604], [15.9605996, 45.7969034], [15.9606893, 45.797037], [15.9608032, 45.7972054], [15.9608298, 45.7972448], [15.9614558, 45.7981951], [15.9621821, 45.7992164], [15.9625462, 45.7997283], [15.9627309, 45.7999878], [15.9627362, 45.7999954], [15.9629548, 45.8003421], [15.963225, 45.8007542], [15.9635985, 45.8012944], [15.963911, 45.8017464], [15.9643059, 45.8023179], [15.9644009, 45.8024565], [15.9648616, 45.8031286], [15.9652146, 45.8036451], [15.9654056, 45.8039246], [15.9657449, 45.8044209], [15.9659151, 45.8046699], [15.965938, 45.8047026], [15.9660106, 45.8048065], [15.9657609, 45.8049053], [15.9655665, 45.804999], [15.9651104, 45.8052684], [15.9647959, 45.805481], [15.9638356, 45.8061621], [15.9627961, 45.8069118], [15.9626945, 45.8069827], [15.9621264, 45.8073787], [15.961842, 45.807573], [15.9616838, 45.807681], [15.9615594, 45.807766], [15.9615214, 45.807792], [15.9610797, 45.808033], [15.9603115, 45.8083559], [15.9595553, 45.808622], [15.9590751, 45.8087592], [15.9585638, 45.808873], [15.9581029, 45.808945], [15.9577884, 45.8089767], [15.9573251, 45.8090002], [15.9569315, 45.8090173], [15.9561992, 45.8090956], [15.9557767, 45.8091156], [15.9545331, 45.8091608], [15.9530951, 45.8092629], [15.9513379, 45.8093616], [15.9503056, 45.8094202], [15.9499263, 45.8094436], [15.9488068, 45.8095142], [15.9486251, 45.8095256], [15.9456071, 45.8096735], [15.9454346, 45.8096891], [15.9452936, 45.8097229], [15.945296, 45.8097042], [15.9448436, 45.8097307], [15.9448532, 45.8098385], [15.9449422, 45.809897], [15.9448749, 45.8099422], [15.9447541, 45.8098885], [15.9446397, 45.8098888], [15.9443122, 45.8098134], [15.9421644, 45.809904], [15.9421635, 45.8098737], [15.942022, 45.8098797], [15.942024, 45.8099115], [15.94193, 45.8099147], [15.9419306, 45.8099429], [15.9416649, 45.8099517], [15.9411638, 45.8099253], [15.9403398, 45.8099663], [15.9382845, 45.8100796], [15.9367256, 45.8101691], [15.9352994, 45.8102475], [15.9352976, 45.8103659], [15.9352293, 45.8103918], [15.9351251, 45.8103988], [15.9325292, 45.810572], [15.9300583, 45.8107413], [15.9297347, 45.8104994], [15.9292664, 45.8101288], [15.929107, 45.8101432], [15.9284887, 45.8096791], [15.9279538, 45.8092975], [15.9277749, 45.809164], [15.9275911, 45.8090199], [15.927312, 45.8088073], [15.9269918, 45.8085605], [15.9266799, 45.8083253], [15.9265085, 45.8081937], [15.926136, 45.8079079], [15.9257106, 45.8075791], [15.925259, 45.8072351], [15.9248145, 45.8068909], [15.9246041, 45.8067328], [15.9244947, 45.8066706], [15.9241645, 45.8064828], [15.9237234, 45.8062589], [15.9233819, 45.8060252], [15.9229148, 45.8057438], [15.9225109, 45.8054931], [15.9221305, 45.8052502], [15.9216451, 45.8049453], [15.9212784, 45.8047152], [15.92083, 45.8044325], [15.920303, 45.8041057], [15.9199811, 45.803901], [15.9195217, 45.8036178], [15.9193427, 45.8035058], [15.9190924, 45.803354], [15.9188516, 45.803198], [15.9184012, 45.8029213], [15.9179259, 45.8026293], [15.917588, 45.802418], [15.9169703, 45.8020615], [15.9161976, 45.8015467], [15.9155877, 45.8011649], [15.9152108, 45.800933], [15.9145608, 45.8005446], [15.9140021, 45.8002116], [15.9132773, 45.7997781], [15.9129829, 45.7995853], [15.9124175, 45.7992235], [15.9118536, 45.7988736], [15.9114625, 45.7986294], [15.9112205, 45.7983808], [15.9110292, 45.7982321], [15.9107042, 45.7980499], [15.9103496, 45.7977814], [15.9097854, 45.7973639], [15.9094694, 45.7970711], [15.9090381, 45.7966648], [15.9085293, 45.7961182], [15.9109517, 45.795915], [15.9115726, 45.7958653], [15.913165, 45.7957293], [15.9166368, 45.7954252], [15.9166519, 45.7957104], [15.9169031, 45.7956814], [15.9170773, 45.7957162], [15.9170604, 45.7956113], [15.9181007, 45.7955015], [15.9181165, 45.7955679], [15.9232819, 45.7951223]]]}}, {"type": "Feature", "properties": {"name": "Trnje", "osmId": 2630157, "population": 40539}, "geometry": {"type": "Polygon", "coordinates": [[[15.9540753, 45.7837743], [15.9555356, 45.7844077], [15.9575194, 45.7852071], [15.9593823, 45.7857658], [15.9610689, 45.7862048], [15.9620951, 45.7864661], [15.9631035, 45.7867348], [15.963434, 45.7868378], [15.9643491, 45.7870666], [15.9651853, 45.7872861], [15.9658189, 45.7874441], [15.9671348, 45.7877371], [15.9692515, 45.7881222], [15.9699248, 45.7882305], [15.971423, 45.7884541], [15.9721579, 45.7885563], [15.9735601, 45.7886885], [15.9739893, 45.7887348], [15.9751724, 45.7888122], [15.9762654, 45.7888806], [15.9772468, 45.7889296], [15.9782839, 45.7889476], [15.9794879, 45.7889299], [15.9797673, 45.7889252], [15.9798761, 45.7889187], [15.9822294, 45.7888203], [15.9861694, 45.7885372], [15.9861572, 45.7884766], [15.9864789, 45.7884411], [15.9865624, 45.7885292], [15.9893808, 45.7880697], [15.9913268, 45.7876863], [15.9918298, 45.7876066], [15.9923445, 45.7874024], [15.993665, 45.7871569], [15.9937349, 45.7870748], [15.9938079, 45.7871067], [15.9939167, 45.7870705], [15.9939614, 45.7869713], [15.994511, 45.786871], [15.9945167, 45.7869276], [15.9946481, 45.7868978], [15.9951085, 45.7868273], [15.9961133, 45.7865654], [15.9963337, 45.7864855], [15.9964173, 45.7865723], [15.9987056, 45.7858366], [16.0011613, 45.7849793], [16.0027428, 45.7843638], [16.0035902, 45.7858305], [16.0037984, 45.7857483], [16.0039148, 45.7859363], [16.0036967, 45.7860235], [16.0039137, 45.7863914], [16.0040869, 45.7867069], [16.0041856, 45.7869198], [16.0042496, 45.7869109], [16.0043356, 45.7871198], [16.0044528, 45.7874577], [16.0045063, 45.7876614], [16.0045329, 45.7878902], [16.0045536, 45.7881133], [16.0045617, 45.7883364], [16.0045368, 45.7888128], [16.0045041, 45.7890626], [16.0043858, 45.7895013], [16.004291, 45.7897787], [16.0034439, 45.7908172], [16.0028522, 45.7916432], [16.0020229, 45.7927959], [16.0017513, 45.7930402], [16.0009157, 45.7941181], [16.0006256, 45.7945748], [16.0004858, 45.794896], [16.0003979, 45.7949447], [15.999879, 45.7956766], [15.9998952, 45.7957045], [16.0011453, 45.7957691], [16.0032984, 45.7958839], [16.0038602, 45.795883], [16.0041612, 45.7959013], [16.0045204, 45.7959148], [16.0051568, 45.7959574], [16.0058529, 45.7959901], [16.0060198, 45.7959965], [16.0062742, 45.7959556], [16.0077298, 45.7959972], [16.0141725, 45.7963269], [16.0170025, 45.7964719], [16.0167878, 45.7968372], [16.0168744, 45.7968743], [16.016911, 45.79692], [16.0169309, 45.7969625], [16.0169404, 45.7970045], [16.0169342, 45.7970476], [16.0169163, 45.7971021], [16.016878, 45.7971414], [16.0168235, 45.7971828], [16.0164842, 45.797384], [16.0162346, 45.7975964], [16.0162118, 45.7976074], [16.0161811, 45.7976077], [16.01614, 45.7977118], [16.0149858, 45.798443], [16.0144085, 45.7989251], [16.0130486, 45.800217], [16.0130135, 45.8002319], [16.0130401, 45.8002557], [16.0115081, 45.8016205], [16.011475, 45.8016049], [16.010998, 45.8020312], [16.0087115, 45.8040586], [16.0085436, 45.8040724], [16.0079324, 45.804616], [16.0079579, 45.8047278], [16.0077155, 45.8049836], [16.0063693, 45.8061204], [16.0062178, 45.8060468], [16.0052904, 45.8068741], [16.0054417, 45.806963], [16.0034129, 45.8087656], [15.9945538, 45.8062756], [15.9935458, 45.8056578], [15.9932524, 45.8057136], [15.9931808, 45.8057141], [15.9926725, 45.8057177], [15.9926097, 45.805718], [15.9925392, 45.8057112], [15.9924211, 45.8057021], [15.9923292, 45.8056879], [15.9915959, 45.8055099], [15.9915239, 45.8055382], [15.9913416, 45.8054997], [15.9911785, 45.8054029], [15.9899424, 45.8050873], [15.9894834, 45.8049906], [15.9893733, 45.8049699], [15.9892571, 45.804974], [15.9889173, 45.8049411], [15.988618, 45.8049205], [15.9877462, 45.8048773], [15.9873047, 45.8048556], [15.9870092, 45.8048196], [15.9862604, 45.8047151], [15.9855562, 45.8045944], [15.985115, 45.8045155], [15.9845399, 45.8044172], [15.9839765, 45.8043259], [15.9836361, 45.8042686], [15.9836404, 45.8042359], [15.9842224, 45.8042735], [15.9847258, 45.8042934], [15.9852204, 45.8042761], [15.9858652, 45.80427], [15.9858666, 45.8042378], [15.9852116, 45.804204], [15.9843423, 45.8041545], [15.9835507, 45.8041078], [15.9835179, 45.8041059], [15.9825694, 45.804056], [15.9825835, 45.8038443], [15.983248, 45.8038904], [15.9840642, 45.8039374], [15.98407, 45.8038299], [15.9842177, 45.803837], [15.9842274, 45.8036633], [15.983015, 45.8036], [15.9826148, 45.8035797], [15.9823073, 45.803578], [15.9819089, 45.8036094], [15.9812206, 45.8036737], [15.9803234, 45.8041479], [15.9786877, 45.8041101], [15.9786656, 45.80411], [15.9774417, 45.8041033], [15.976619, 45.8041003], [15.9759347, 45.8040971], [15.9753361, 45.8041142], [15.9745635, 45.8040987], [15.9744133, 45.8040946], [15.9740743, 45.8040822], [15.9738192, 45.8040729], [15.9725713, 45.804008], [15.9717766, 45.803879], [15.970391, 45.8035849], [15.9695868, 45.8034352], [15.9685618, 45.8032474], [15.9675798, 45.8030565], [15.9666061, 45.8028646], [15.9659082, 45.8027165], [15.9646432, 45.8024212], [15.9643059, 45.8023179], [15.963911, 45.8017464], [15.9635985, 45.8012944], [15.963225, 45.8007542], [15.9629548, 45.8003421], [15.9627362, 45.7999954], [15.9627309, 45.7999878], [15.9625462, 45.7997283], [15.9621821, 45.7992164], [15.9614558, 45.7981951], [15.9608298, 45.7972448], [15.9608032, 45.7972054], [15.9606893, 45.797037], [15.9605996, 45.7969034], [15.9597573, 45.7956604], [15.9594315, 45.7949959], [15.9589876, 45.7943108], [15.9565219, 45.7908631], [15.9552383, 45.7890199], [15.9531321, 45.7857831], [15.9528672, 45.7854299], [15.9529434, 45.7851271], [15.9530494, 45.7849199], [15.9527915, 45.7847569], [15.9540753, 45.7837743]]]}}, {"type": "Feature", "properties": {"name": "\u010crnomerec", "osmId": 3174289, "population": 38084}, "geometry": {"type": "Polygon", "coordinates": [[[15.953096, 45.8443547], [15.9527973, 45.8435572], [15.952802, 45.8434888], [15.952909, 45.843283], [15.9528568, 45.8432711], [15.9528109, 45.8432774], [15.9526313, 45.8434695], [15.9525334, 45.8435533], [15.9524469, 45.843599], [15.9523566, 45.8436221], [15.9522737, 45.8436218], [15.9522069, 45.8436099], [15.9521557, 45.8435853], [15.9521364, 45.8435472], [15.9521408, 45.8434598], [15.952144, 45.8434158], [15.9521173, 45.8433226], [15.9520479, 45.8432333], [15.9520042, 45.8431211], [15.9519555, 45.8430586], [15.9517704, 45.8428868], [15.9515474, 45.8427123], [15.951526, 45.8427263], [15.951316, 45.8425408], [15.9509431, 45.8422599], [15.9508356, 45.8421879], [15.9506973, 45.842129], [15.9506042, 45.8420977], [15.9504857, 45.8421252], [15.9502806, 45.8421955], [15.9498738, 45.8423666], [15.9495844, 45.842477], [15.9494201, 45.8425315], [15.9493697, 45.8425623], [15.9493524, 45.8426003], [15.9482775, 45.842265], [15.9476024, 45.8421025], [15.947297, 45.8419296], [15.9470845, 45.8416551], [15.9467501, 45.8413051], [15.946653, 45.8411565], [15.946533, 45.8408789], [15.9464891, 45.8407579], [15.9464756, 45.840546], [15.9462104, 45.8403959], [15.9461681, 45.8404435], [15.9462076, 45.8405779], [15.9461227, 45.8409323], [15.946049, 45.8410335], [15.9456325, 45.8405102], [15.9454455, 45.8402548], [15.9457106, 45.8398864], [15.945491, 45.839646], [15.9447411, 45.8396305], [15.9443865, 45.8393652], [15.9444199, 45.8391612], [15.9444434, 45.8389249], [15.9443734, 45.8387898], [15.9443434, 45.8380391], [15.9439344, 45.8380769], [15.9437135, 45.8381095], [15.9437027, 45.8382022], [15.9437509, 45.838267], [15.9437533, 45.8383461], [15.9436617, 45.8384737], [15.943663, 45.8385196], [15.9437249, 45.8386416], [15.9437569, 45.8387637], [15.9437995, 45.8388489], [15.9435984, 45.8391577], [15.9436145, 45.8392751], [15.9434379, 45.8395733], [15.9434343, 45.8396536], [15.9433076, 45.8396471], [15.9432494, 45.8396704], [15.9432064, 45.8397835], [15.9432611, 45.8398454], [15.9432802, 45.8398779], [15.9432268, 45.8400442], [15.943219, 45.8401321], [15.9432354, 45.8402783], [15.9432964, 45.8403661], [15.9434066, 45.8404903], [15.9434837, 45.8405002], [15.9435328, 45.8405633], [15.9435304, 45.8406666], [15.943554, 45.840763], [15.9436691, 45.8407468], [15.9437628, 45.8407654], [15.9437724, 45.8408405], [15.943687, 45.8409632], [15.9436532, 45.8411431], [15.9435675, 45.8411652], [15.9432831, 45.8412719], [15.9431754, 45.8413379], [15.942957, 45.8415007], [15.9428084, 45.8415969], [15.9427341, 45.8416931], [15.9426121, 45.8417655], [15.9425426, 45.8418567], [15.9425893, 45.8420064], [15.9427756, 45.8422396], [15.9426396, 45.8422942], [15.9423698, 45.8424379], [15.94227, 45.8425162], [15.9422281, 45.8426065], [15.9422291, 45.8427162], [15.9423048, 45.8428891], [15.9422418, 45.8430503], [15.942177, 45.8431272], [15.9421422, 45.843216], [15.9422096, 45.8432916], [15.9423513, 45.8436901], [15.9424522, 45.844014], [15.9424471, 45.8441832], [15.9424431, 45.8442896], [15.9424649, 45.8443453], [15.9425652, 45.8443952], [15.9426939, 45.8444497], [15.9427401, 45.8445623], [15.9427837, 45.8447128], [15.9427621, 45.8448804], [15.9427742, 45.8450212], [15.9428757, 45.8451494], [15.9429212, 45.8453665], [15.9428644, 45.8455029], [15.9428253, 45.8459753], [15.9428338, 45.846183], [15.9428406, 45.8463366], [15.9429257, 45.8464597], [15.9430337, 45.8465898], [15.9431004, 45.8467549], [15.9430986, 45.8469572], [15.9431192, 45.8470031], [15.943178, 45.8470462], [15.943293, 45.8470679], [15.9433499, 45.8470963], [15.9434891, 45.8472608], [15.9436209, 45.8473748], [15.9435312, 45.847439], [15.9434864, 45.8475149], [15.9434666, 45.8476274], [15.9435045, 45.847759], [15.9435073, 45.8478351], [15.9436182, 45.8479583], [15.9435231, 45.8480382], [15.9435723, 45.848387], [15.9437375, 45.8488359], [15.9437796, 45.8491621], [15.9437791, 45.8492983], [15.943871, 45.8494958], [15.9439872, 45.8498552], [15.9440997, 45.8505723], [15.9441742, 45.8507559], [15.9443102, 45.850921], [15.9444096, 45.8510592], [15.9444255, 45.8511748], [15.9444074, 45.8514149], [15.9444125, 45.851565], [15.9444454, 45.8516201], [15.9445109, 45.8516624], [15.9445506, 45.8516952], [15.9445877, 45.8517536], [15.9446262, 45.8519543], [15.9447304, 45.8522153], [15.9447845, 45.8524255], [15.9448122, 45.8526877], [15.944318, 45.8528276], [15.9440298, 45.8529466], [15.9437085, 45.8533014], [15.9435725, 45.8534497], [15.9434666, 45.853598], [15.943436, 45.8537126], [15.9434057, 45.8539283], [15.943413, 45.8540922], [15.9434676, 45.8542501], [15.9436619, 45.854574], [15.9436856, 45.8546523], [15.9435935, 45.8547497], [15.9436813, 45.8547949], [15.9437794, 45.855134], [15.9438793, 45.8551206], [15.9437087, 45.8557734], [15.9437845, 45.855802], [15.9438028, 45.856484], [15.9436813, 45.8568632], [15.9436583, 45.8573661], [15.9436347, 45.8577995], [15.9435392, 45.8580326], [15.9440651, 45.8584292], [15.9441219, 45.8592131], [15.9442278, 45.8591834], [15.9445195, 45.8595164], [15.9447689, 45.8601038], [15.944461, 45.8604353], [15.9443605, 45.8607141], [15.9439688, 45.8610784], [15.9431112, 45.8616121], [15.9433069, 45.8619868], [15.9433323, 45.8622247], [15.9432939, 45.8624774], [15.943158, 45.862858], [15.9433892, 45.8639254], [15.9433475, 45.8644712], [15.9427706, 45.8658927], [15.9425748, 45.8660454], [15.9423679, 45.8662314], [15.9421462, 45.8664321], [15.9418879, 45.8667554], [15.9418453, 45.8676369], [15.9419271, 45.8681718], [15.9419769, 45.868437], [15.9421541, 45.8686747], [15.9425712, 45.8689458], [15.9429011, 45.8692419], [15.9429144, 45.8695315], [15.9428791, 45.8698887], [15.9424035, 45.8704481], [15.9416278, 45.8708955], [15.9414494, 45.8712523], [15.9412661, 45.8714814], [15.9403211, 45.871831], [15.9393243, 45.8727668], [15.9384725, 45.8739438], [15.9382404, 45.87445], [15.9382161, 45.8750588], [15.9383094, 45.8752877], [15.9382961, 45.8757955], [15.9379358, 45.8765271], [15.9367395, 45.8773498], [15.9352282, 45.8781096], [15.9347686, 45.8781594], [15.9344986, 45.8781016], [15.934116, 45.8778391], [15.9339579, 45.8776653], [15.9339695, 45.8773768], [15.9338115, 45.8772318], [15.933673, 45.877237], [15.9330104, 45.8777843], [15.9326195, 45.877713], [15.9320466, 45.8777177], [15.9303551, 45.8788364], [15.9297728, 45.8793709], [15.9290927, 45.8803247], [15.92883, 45.8810261], [15.92892, 45.881454], [15.9290534, 45.881717], [15.9290419, 45.8829678], [15.9288121, 45.8831575], [15.9286737, 45.8835853], [15.9285642, 45.8838906], [15.9281695, 45.8840588], [15.9278091, 45.8844242], [15.9275518, 45.8848272], [15.9274336, 45.8851598], [15.9273755, 45.8854684], [15.926548, 45.886229], [15.9263157, 45.8863389], [15.925955, 45.8867535], [15.9257908, 45.8872272], [15.9254029, 45.8877382], [15.9248212, 45.8879454], [15.9246806, 45.8880819], [15.9243168, 45.8881437], [15.9243119, 45.8884273], [15.9238427, 45.8886389], [15.9234379, 45.8891014], [15.9229218, 45.8891915], [15.9225623, 45.889504], [15.9223428, 45.8895553], [15.9219801, 45.8893976], [15.9218024, 45.8893465], [15.9215478, 45.8892986], [15.9201844, 45.888901], [15.9181342, 45.8882925], [15.9174488, 45.8879356], [15.9181863, 45.8854923], [15.9177159, 45.8853062], [15.9165365, 45.8847233], [15.9156661, 45.8845585], [15.9142459, 45.8834548], [15.9124603, 45.8819405], [15.9114254, 45.8810399], [15.9101318, 45.8792988], [15.9093557, 45.8779179], [15.9081483, 45.8779779], [15.9065959, 45.8773175], [15.9056473, 45.8760566], [15.9056473, 45.8737749], [15.9052161, 45.8720336], [15.9046124, 45.8693314], [15.9038362, 45.8683706], [15.9041812, 45.8674699], [15.9053885, 45.8661487], [15.9085098, 45.8637371], [15.9091135, 45.8627762], [15.9095279, 45.8619983], [15.9104935, 45.8613333], [15.9111802, 45.8606534], [15.9113127, 45.8600736], [15.9115714, 45.859443], [15.911787, 45.858512], [15.911442, 45.8577612], [15.9109246, 45.8562597], [15.9105796, 45.8548782], [15.9090273, 45.8536168], [15.9076043, 45.8529561], [15.9056639, 45.8518448], [15.9029041, 45.8503431], [15.9016105, 45.8486611], [15.9009206, 45.8468289], [15.9001444, 45.8458376], [15.8998545, 45.844036], [15.9003247, 45.8428089], [15.9030732, 45.8444648], [15.9047809, 45.8449277], [15.90492, 45.8454108], [15.9060441, 45.8447987], [15.9060609, 45.8442472], [15.9064832, 45.8436148], [15.9072242, 45.8435527], [15.9076862, 45.8412436], [15.908301, 45.8427044], [15.9089915, 45.8425342], [15.9098808, 45.8433299], [15.9107291, 45.8432588], [15.9111402, 45.8432243], [15.9114034, 45.8425175], [15.91204, 45.841839], [15.9125369, 45.8414519], [15.9125201, 45.8410314], [15.9119846, 45.8403289], [15.9116183, 45.8395482], [15.9117755, 45.8387855], [15.9120342, 45.8377585], [15.9115954, 45.8364919], [15.911126, 45.8360792], [15.9116041, 45.8353831], [15.9121834, 45.8346183], [15.9121878, 45.8336864], [15.9120376, 45.8333486], [15.9119243, 45.8331074], [15.9116942, 45.8329736], [15.9115171, 45.8328764], [15.911398, 45.8326835], [15.9112991, 45.8323239], [15.9111976, 45.8317677], [15.9108905, 45.8314143], [15.9107402, 45.8306835], [15.9106339, 45.8305098], [15.9104938, 45.8303868], [15.9103843, 45.8302243], [15.9103616, 45.8300184], [15.9103844, 45.8298807], [15.9110885, 45.8292932], [15.91116, 45.8291353], [15.9111856, 45.829006], [15.9111901, 45.8289017], [15.9113189, 45.8288984], [15.9114095, 45.8288757], [15.9115122, 45.8288252], [15.9116866, 45.8286744], [15.9138057, 45.8270916], [15.9141106, 45.8265604], [15.9141016, 45.8259546], [15.9140476, 45.8254517], [15.9137727, 45.8246907], [15.9135043, 45.8240314], [15.9133089, 45.8231289], [15.9130767, 45.8216994], [15.9136344, 45.8212992], [15.912681, 45.8207077], [15.9123109, 45.8202843], [15.9130752, 45.8199367], [15.9139521, 45.8200174], [15.9144987, 45.819755], [15.9143914, 45.8196591], [15.9141691, 45.8195147], [15.9139978, 45.8193848], [15.9138243, 45.8191717], [15.9136671, 45.8189404], [15.9135164, 45.8188815], [15.9133201, 45.8188422], [15.9128138, 45.8179838], [15.9135988, 45.8178871], [15.9139024, 45.8175183], [15.9139501, 45.817349], [15.9139414, 45.8171193], [15.9140325, 45.8170588], [15.9142276, 45.8170558], [15.9145312, 45.8170951], [15.9146874, 45.8170739], [15.9148739, 45.8169682], [15.914991, 45.816684], [15.9147568, 45.8164543], [15.9147784, 45.8160644], [15.9149671, 45.8158256], [15.9150257, 45.8156321], [15.9150191, 45.8153948], [15.9150083, 45.8150139], [15.9151276, 45.8149021], [15.9151297, 45.8147676], [15.915275, 45.8145136], [15.9156025, 45.8145424], [15.9158974, 45.8133015], [15.9164352, 45.8127906], [15.9167648, 45.8128208], [15.9168505, 45.812585], [15.9169123, 45.8116033], [15.9171022, 45.8111925], [15.9175191, 45.8111665], [15.9180517, 45.8111385], [15.9184941, 45.8111158], [15.9189774, 45.8110921], [15.9206518, 45.8110141], [15.9214664, 45.8109678], [15.922918, 45.81088], [15.9248005, 45.8107853], [15.927873, 45.8106215], [15.9297347, 45.8104994], [15.9300583, 45.8107413], [15.9325292, 45.810572], [15.9351251, 45.8103988], [15.9352293, 45.8103918], [15.9352976, 45.8103659], [15.9352994, 45.8102475], [15.9367256, 45.8101691], [15.9382845, 45.8100796], [15.9403398, 45.8099663], [15.9411638, 45.8099253], [15.9416649, 45.8099517], [15.9419306, 45.8099429], [15.94193, 45.8099147], [15.942024, 45.8099115], [15.942022, 45.8098797], [15.9421635, 45.8098737], [15.9421644, 45.809904], [15.9443122, 45.8098134], [15.9446397, 45.8098888], [15.9447541, 45.8098885], [15.9448749, 45.8099422], [15.9449422, 45.809897], [15.9448532, 45.8098385], [15.9448436, 45.8097307], [15.945296, 45.8097042], [15.9452936, 45.8097229], [15.9454346, 45.8096891], [15.9456071, 45.8096735], [15.9486251, 45.8095256], [15.9488068, 45.8095142], [15.9499263, 45.8094436], [15.9503056, 45.8094202], [15.9513379, 45.8093616], [15.9530951, 45.8092629], [15.9545331, 45.8091608], [15.9557767, 45.8091156], [15.9561992, 45.8090956], [15.9569315, 45.8090173], [15.9569344, 45.8090563], [15.9569425, 45.809154], [15.9569477, 45.8092079], [15.9571621, 45.8092127], [15.9571917, 45.809456], [15.9572101, 45.8096106], [15.9572567, 45.8100559], [15.9573274, 45.810684], [15.9573887, 45.8112672], [15.9574189, 45.8115415], [15.9574518, 45.8118794], [15.9575548, 45.81276], [15.9575863, 45.8130664], [15.9575954, 45.8130791], [15.9576102, 45.8130894], [15.9576275, 45.813094], [15.9576799, 45.813226], [15.9572128, 45.8132468], [15.9565996, 45.8132529], [15.9561399, 45.813216], [15.9561086, 45.8132251], [15.956059, 45.8133902], [15.9563515, 45.8134292], [15.9563161, 45.8136333], [15.9563529, 45.8136253], [15.9563938, 45.8137305], [15.9563434, 45.8137359], [15.9563254, 45.8138104], [15.9562323, 45.8137936], [15.9562423, 45.8137573], [15.9559778, 45.8137194], [15.9559717, 45.8137835], [15.9560549, 45.8139292], [15.9558761, 45.8139844], [15.9557935, 45.8140373], [15.9558244, 45.8140879], [15.9557063, 45.8141643], [15.9557472, 45.814194], [15.9554983, 45.8143838], [15.9553716, 45.8144662], [15.9552806, 45.814409], [15.9551487, 45.8144909], [15.955292, 45.8145877], [15.9549879, 45.8148681], [15.9548175, 45.8150538], [15.9545727, 45.8149242], [15.9543994, 45.8151225], [15.9544718, 45.8151389], [15.9545465, 45.8151642], [15.9546429, 45.8152108], [15.9547314, 45.815266], [15.9547734, 45.8153137], [15.9547934, 45.8153597], [15.9548228, 45.8154692], [15.9548268, 45.815524], [15.9548088, 45.8155997], [15.9547816, 45.8156739], [15.9546377, 45.8160143], [15.9545797, 45.8162256], [15.9545929, 45.8163422], [15.9546341, 45.8164656], [15.9549095, 45.8170418], [15.9550472, 45.8173017], [15.9551757, 45.8175111], [15.9556475, 45.8174812], [15.9555889, 45.8177193], [15.9555955, 45.8178352], [15.9558733, 45.8185987], [15.9559711, 45.8188749], [15.9561531, 45.8192918], [15.9564697, 45.8202866], [15.956543, 45.8205036], [15.9567156, 45.8204897], [15.9566897, 45.8206942], [15.9566329, 45.8206978], [15.956657, 45.8208171], [15.9567027, 45.8209373], [15.9562716, 45.8209587], [15.9563641, 45.8212112], [15.9564861, 45.8213064], [15.956652, 45.8220871], [15.9565665, 45.8220908], [15.9567659, 45.8221961], [15.9569883, 45.8223372], [15.9571941, 45.8225254], [15.9574637, 45.8226985], [15.9576232, 45.8227587], [15.9577763, 45.822853], [15.9578733, 45.8229794], [15.9582498, 45.8233128], [15.9582225, 45.8233655], [15.9586723, 45.8236661], [15.9586969, 45.8237983], [15.9588474, 45.8239016], [15.9587009, 45.8239957], [15.9586679, 45.8240573], [15.9588002, 45.8242219], [15.9590616, 45.8244407], [15.9590297, 45.8245161], [15.9590453, 45.8246949], [15.9591594, 45.8248476], [15.9591014, 45.8249134], [15.9590781, 45.8250146], [15.9591233, 45.8251136], [15.9592825, 45.8251733], [15.9594026, 45.8253386], [15.9593671, 45.8255169], [15.9592947, 45.8256694], [15.95929, 45.8257571], [15.9593741, 45.8258126], [15.9590797, 45.8257962], [15.958985, 45.8260115], [15.9590332, 45.8261593], [15.9589051, 45.8261792], [15.9589607, 45.8263563], [15.9589089, 45.8264666], [15.9589786, 45.8265704], [15.9590391, 45.8268568], [15.9590578, 45.8269468], [15.9590173, 45.8269847], [15.9587752, 45.8270396], [15.9589184, 45.8272011], [15.9587067, 45.8273016], [15.9586575, 45.8272816], [15.9583699, 45.827487], [15.9583192, 45.8276393], [15.9582362, 45.8275905], [15.9580484, 45.8276558], [15.9580516, 45.8277981], [15.9581501, 45.8278673], [15.9579888, 45.8281655], [15.9573113, 45.8287844], [15.957424, 45.8289366], [15.9568971, 45.8294951], [15.9566728, 45.8296273], [15.9566371, 45.8301135], [15.956817, 45.830657], [15.9563745, 45.8321756], [15.9560222, 45.8338223], [15.9558762, 45.8348286], [15.9554939, 45.8357647], [15.9553684, 45.8363373], [15.9554867, 45.8368837], [15.9558149, 45.8376304], [15.9564199, 45.8383304], [15.9564058, 45.8385731], [15.9562924, 45.8388466], [15.9558323, 45.8390928], [15.9556142, 45.8394953], [15.9556236, 45.8398645], [15.9555121, 45.8407441], [15.9547824, 45.8418057], [15.9549129, 45.8420705], [15.954952, 45.8423412], [15.9546879, 45.8429629], [15.9543878, 45.8434595], [15.9543256, 45.8440793], [15.9543146, 45.8443689], [15.9536727, 45.8442278], [15.953096, 45.8443547]]]}}]}